Title,BSR,Price in £ (starting from),Author,Book TypeASIN,ISBN-10,ISBN-13,URL
The Guide to the New HSK Oral Test - Advanced,"921,561","1,203.00",Yangdon Pan,Paperback,7510029430, 7510029430, 978-7510029431,https://www.amazon.co.uk/Guide-New-HSK-Oral-Test/dp/7510029430/ref=sr_1_112?s=books&ie=UTF8&qid=1540529022&sr=1-112&refinements=p_n_binding_browse-bin%3A492564011%2Cp_36%3A100000-200000
Rotha Mor an Tsaoil,"867,506","1,096.63",Mici Mac Gabhann,Paperback,1874700540, 1874700540, 978-1874700548,https://www.amazon.co.uk/Rotha-Mor-Tsaoil-Mici-Gabhann/dp/1874700540/ref=sr_1_160?s=books&ie=UTF8&qid=1540529078&sr=1-160&refinements=p_n_binding_browse-bin%3A492564011%2Cp_36%3A100000-200000
A Muslim Family in Britain (Families & faiths),"670,770","1,007.97",Steve Harrison,Paperback,0080228852, 0080228852, 978-0080228853,https://www.amazon.co.uk/Muslim-Family-Britain-Families-faiths/dp/0080228852/ref=sr_1_192?s=books&ie=UTF8&qid=1540529113&sr=1-192&refinements=p_n_binding_browse-bin%3A492564011%2Cp_36%3A100000-200000
Foundations of Interior Design,"987,253","1,350.48",Susan J. Slotkis,Paperback,1856693813, 1856693813, 978-1856693813,https://www.amazon.co.uk/Foundations-Interior-Design-Susan-Slotkis/dp/1856693813/ref=sr_1_256?s=books&ie=UTF8&qid=1540529176&sr=1-256&refinements=p_n_binding_browse-bin%3A492564011%2Cp_36%3A100000-200000
The Skalds: A Selection of Their Poems,"1,210,682","1,627.11",Lee Milton Hollander,Paperback,0472061356, 0472061356, 978-0472061358,https://www.amazon.co.uk/Skalds-Selection-Their-Poems/dp/0472061356/ref=sr_1_352?s=books&ie=UTF8&qid=1540529272&sr=1-352&refinements=p_n_binding_browse-bin%3A492564011%2Cp_36%3A100000-200000
Fire Storm: Tyranno Quest 2 (EDGE: I HERO: Quests),"481,867","1,935.94",Steve Barlow,Paperback,1445108763, 1445108763, 978-1445108766,https://www.amazon.co.uk/Fire-Storm-Tyranno-Quest-Quests/dp/1445108763/ref=sr_1_512?s=books&ie=UTF8&qid=1540529445&sr=1-512&refinements=p_n_binding_browse-bin%3A492564011%2Cp_36%3A100000-200000
Additions to Clay Bodies (New Ceramics),"487,667","1,137.29",Kathleen Standen,Paperback,1408153947, 1408153947, 978-1408153949,https://www.amazon.co.uk/Additions-Clay-Bodies-New-Ceramics/dp/1408153947/ref=sr_1_1165?s=books&ie=UTF8&qid=1540530135&sr=1-1165&refinements=p_n_binding_browse-bin%3A492564011%2Cp_36%3A100000-200000
2016 Australia Catalogue,"605,201","1,165.00",Hugh Jefferies,Paperback,0852599730, 0852599730, 978-0852599730,https://www.amazon.co.uk/2016-Australia-Catalogue-Hugh-Jefferies/dp/0852599730/ref=sr_1_1141?s=books&ie=UTF8&qid=1540530127&sr=1-1141&refinements=p_n_binding_browse-bin%3A492564011%2Cp_36%3A100000-200000
Tree roots in the built environment (Research for amenity trees),"1,210,364","1,217.00",John Roberts,Paperback,0900978597, 0900978597, 978-0900978593,https://www.amazon.co.uk/roots-built-environment-Research-amenity/dp/0900978597/ref=sr_1_1125?s=books&ie=UTF8&qid=1540530109&sr=1-1125&refinements=p_n_binding_browse-bin%3A492564011%2Cp_36%3A100000-200000
Strine: The Complete Works of Professor Afferbeck Lauder,"1,291,439","1,000.00",Afferbeck Lauder,Paperback,1921656808, 1921656808, 978-1921656804,https://www.amazon.co.uk/Strine-Complete-Professor-Afferbeck-Lauder/dp/1921656808/ref=sr_1_1083?s=books&ie=UTF8&qid=1540530056&sr=1-1083&refinements=p_n_binding_browse-bin%3A492564011%2Cp_36%3A100000-200000
Llwybr Arfordirol Môn/The Anglesey Coastal Path,"1,433,451","1,143.46",Steven Jones,Paperback,1845272897, 1845272897, 978-1845272890,https://www.amazon.co.uk/Llwybr-Arfordirol-Anglesey-Coastal-Path/dp/1845272897/ref=sr_1_1071?s=books&ie=UTF8&qid=1540530041&sr=1-1071&refinements=p_n_binding_browse-bin%3A492564011%2Cp_36%3A100000-200000
Introduction to Cardiovascular Physiology 5E with Self Assessment Pack,"1,469,449","1,872.76",J Rodney Levick,Paperback,1444137646, 1444137646, 978-1444137644,https://www.amazon.co.uk/Introduction-Cardiovascular-Physiology-Self-Assessment/dp/1444137646/ref=sr_1_1059?s=books&ie=UTF8&qid=1540530041&sr=1-1059&refinements=p_n_binding_browse-bin%3A492564011%2Cp_36%3A100000-200000
The Battle Within: A soldiers story,"791,990","1,268.45",Neil Spencer,Paperback,1503101207, 1503101207, 978-1503101203,https://www.amazon.co.uk/Battle-Within-soldiers-story/dp/1503101207/ref=sr_1_1046?s=books&ie=UTF8&qid=1540530025&sr=1-1046&refinements=p_n_binding_browse-bin%3A492564011%2Cp_36%3A100000-200000
"Tipsy Bartender ""I'm having a girl over""","685,039","1,621.99",Skyy John,Paperback,1492751707, 1492751707, 978-1492751700,https://www.amazon.co.uk/Tipsy-Bartender-having-girl-over/dp/1492751707/ref=sr_1_999?s=books&ie=UTF8&qid=1540529966&sr=1-999&refinements=p_n_binding_browse-bin%3A492564011%2Cp_36%3A100000-200000
Paper Plate Bible Crafts: 58 Easy-to-do Ideas for 5-7s: More Than 50 Bible-based Crafts for Children,"1,272,039","1,003.77",Anita Reith Stohs,Paperback,1841016985, 1841016985, 978-1841016986,https://www.amazon.co.uk/Paper-Plate-Bible-Crafts-Easy/dp/1841016985/ref=sr_1_988?s=books&ie=UTF8&qid=1540529945&sr=1-988&refinements=p_n_binding_browse-bin%3A492564011%2Cp_36%3A100000-200000
Diamond Sutra Explained,"1,455,177","1,819.00",Huaijin Nan,Paperback,0971656126, 0971656126, 978-0971656123,https://www.amazon.co.uk/Diamond-Sutra-Explained-Huaijin-Nan/dp/0971656126/ref=sr_1_983?s=books&ie=UTF8&qid=1540529945&sr=1-983&refinements=p_n_binding_browse-bin%3A492564011%2Cp_36%3A100000-200000
Space Mission Engineering: The New Smad,"936,704","1,535.99",James Richard Wertz,Paperback,1881883159, 1881883159, 978-1881883159,https://www.amazon.co.uk/Space-Mission-Engineering-New-Smad/dp/1881883159/ref=sr_1_967?s=books&ie=UTF8&qid=1540529926&sr=1-967&refinements=p_n_binding_browse-bin%3A492564011%2Cp_36%3A100000-200000
"The Mighty Quinn: Jimmy Quinn, Celtic's First Goalscoring Hero (Archive Photographs S.)","1,299,740","1,635.20",David W Potter,Paperback,0752434608, 0752434608, 978-0752434605,https://www.amazon.co.uk/Mighty-Quinn-Celtics-Goalscoring-Photographs/dp/0752434608/ref=sr_1_957?s=books&ie=UTF8&qid=1540529908&sr=1-957&refinements=p_n_binding_browse-bin%3A492564011%2Cp_36%3A100000-200000
Wake Up and Roar: Satsang with Papaji,"792,657","1,016.99",Eli Jaxon-Bear,Paperback,1945390875, 1945390875, 978-1945390876,https://www.amazon.co.uk/Wake-Up-Roar-Satsang-Papaji/dp/1945390875/ref=sr_1_945?s=books&ie=UTF8&qid=1540529908&sr=1-945&refinements=p_n_binding_browse-bin%3A492564011%2Cp_36%3A100000-200000
Wake Up and Roar: Satsang with Papaji,"792,657","1,016.99",Eli Jaxon-Bear,Paperback,1945390875, 1945390875, 978-1945390876,https://www.amazon.co.uk/Wake-Up-Roar-Satsang-Papaji/dp/1945390875/ref=sr_1_943?s=books&ie=UTF8&qid=1540529892&sr=1-943&refinements=p_n_binding_browse-bin%3A492564011%2Cp_36%3A100000-200000
Dick King Smith Collection 6 Books Set Pack,"1,423,239","1,064.75",Dick King Smith,Paperback,B00JKGD9JE, 3200330295, 978-3200330290,https://www.amazon.co.uk/Dick-King-Smith-Collection-Books/dp/B00JKGD9JE/ref=sr_1_932?s=books&ie=UTF8&qid=1540529892&sr=1-932&refinements=p_n_binding_browse-bin%3A492564011%2Cp_36%3A100000-200000
James and the Giant Peach (Read & Respond),"688,353","1,094.40",Huw Thomas,Paperback,0439944929, 0439944929, 978-0439944922,https://www.amazon.co.uk/James-Giant-Peach-Read-Respond/dp/0439944929/ref=sr_1_916?s=books&ie=UTF8&qid=1540529878&sr=1-916&refinements=p_n_binding_browse-bin%3A492564011%2Cp_36%3A100000-200000
"Murmurations of Love, Grief and Starlings","531,675","1,654.74",Julia Blackburn,Paperback,0957152876, 0957152876, 978-0957152878,https://www.amazon.co.uk/Murmurations-Grief-Starlings-Julia-Blackburn/dp/0957152876/ref=sr_1_905?s=books&ie=UTF8&qid=1540529862&sr=1-905&refinements=p_n_binding_browse-bin%3A492564011%2Cp_36%3A100000-200000
New Sunday and Holy Day Liturgies Year C,"1,356,157","1,138.84",Flor McCarthy,Paperback,1871552737, 1871552737, 978-1871552737,https://www.amazon.co.uk/New-Sunday-Holy-Liturgies-Year/dp/1871552737/ref=sr_1_882?s=books&ie=UTF8&qid=1540529843&sr=1-882&refinements=p_n_binding_browse-bin%3A492564011%2Cp_36%3A100000-200000
A Birdwatching Guide to France South of the Loire Including Corsica (Arlequin),"592,721","1,643.94",J. Crozier,Paperback,1905268025, 1905268025, 978-1905268023,https://www.amazon.co.uk/Birdwatching-France-Including-Corsica-Arlequin/dp/1905268025/ref=sr_1_873?s=books&ie=UTF8&qid=1540529822&sr=1-873&refinements=p_n_binding_browse-bin%3A492564011%2Cp_36%3A100000-200000
Baby Badger's Wonderful Night,"1,172,826","1,096.45",Karen Saunders,Paperback,1862338248, 1862338248, 978-1862338241,https://www.amazon.co.uk/Badgers-Wonderful-Night-Karen-Saunders/dp/1862338248/ref=sr_1_856?s=books&ie=UTF8&qid=1540529806&sr=1-856&refinements=p_n_binding_browse-bin%3A492564011%2Cp_36%3A100000-200000
STP National Curriculum Mathematics: Bk. 9A,"973,135","1,283.28",L. Bostock,Paperback,0748724427, 0748724427, 978-0748724420,https://www.amazon.co.uk/STP-National-Curriculum-Mathematics-Bk/dp/0748724427/ref=sr_1_845?s=books&ie=UTF8&qid=1540529791&sr=1-845&refinements=p_n_binding_browse-bin%3A492564011%2Cp_36%3A100000-200000
Roller Derby 101: The Fresh Meat Training Manual,"1,240,641","1,670.57",Punchy O'Guts,Paperback,1480218383, 1480218383, 978-1480218383,https://www.amazon.co.uk/Roller-Derby-101-Training-Manual/dp/1480218383/ref=sr_1_841?s=books&ie=UTF8&qid=1540529791&sr=1-841&refinements=p_n_binding_browse-bin%3A492564011%2Cp_36%3A100000-200000
Can Drivers Really Teach Themselves?: A Practiitioner's Guide to Using Learner Centred and Coaching Approaches in Driver Education,"778,785","1,530.99",Ian Edwards,Paperback,0956971105, 0956971105, 978-0956971104,https://www.amazon.co.uk/Drivers-Really-Teach-Themselves-Practiitioners/dp/0956971105/ref=sr_1_833?s=books&ie=UTF8&qid=1540529791&sr=1-833&refinements=p_n_binding_browse-bin%3A492564011%2Cp_36%3A100000-200000
The Rage of Fortune (Matthew Quinton's Journals),"720,023","1,052.26",J D Davies,Paperback,1521749507, 1521749507, 978-1521749500,https://www.amazon.co.uk/Rage-Fortune-Matthew-Quintons-Journals/dp/1521749507/ref=sr_1_829?s=books&ie=UTF8&qid=1540529773&sr=1-829&refinements=p_n_binding_browse-bin%3A492564011%2Cp_36%3A100000-200000
Journey to Peace: A True Story of Forgiveness and Reconciliation,"1,064,780","1,483.96",Adam Joe Lawton,Paperback,1780883188, 1780883188, 978-1780883182,https://www.amazon.co.uk/Journey-Peace-Story-Forgiveness-Reconciliation/dp/1780883188/ref=sr_1_825?s=books&ie=UTF8&qid=1540529773&sr=1-825&refinements=p_n_binding_browse-bin%3A492564011%2Cp_36%3A100000-200000
Discovering Religions: Hinduism Foundation Edition,"1,159,606","1,193.00",Sue Penney,Paperback,0435304720, 0435304720, 978-0435304720,https://www.amazon.co.uk/Discovering-Religions-Foundation-Sue-Penney/dp/0435304720/ref=sr_1_804?s=books&ie=UTF8&qid=1540529757&sr=1-804&refinements=p_n_binding_browse-bin%3A492564011%2Cp_36%3A100000-200000
The Woking Shahjahan Mosque,"1,325,865","1,028.35",Purwez Salamat,Paperback,1860775802, 1860775802, 978-1860775802,https://www.amazon.co.uk/Woking-Shahjahan-Mosque-Purwez-Salamat/dp/1860775802/ref=sr_1_775?s=books&ie=UTF8&qid=1540529719&sr=1-775&refinements=p_n_binding_browse-bin%3A492564011%2Cp_36%3A100000-200000
Chinese for A-level: Level A,"1,106,714","1,660.70",Zhang Xiaoming,Paperback,1845700112, 1845700112, 978-1845700119,https://www.amazon.co.uk/Chinese-level-Level-Zhang-Xiaoming/dp/1845700112/ref=sr_1_774?s=books&ie=UTF8&qid=1540529719&sr=1-774&refinements=p_n_binding_browse-bin%3A492564011%2Cp_36%3A100000-200000
A Mag #16 - Curated by Alessandro Michele (A Magazine curated),"1,466,877","1,623.99",Alessandro Michele,Paperback,9077745165, 9077745165, 978-9077745168,https://www.amazon.co.uk/Mag-16-Curated-Alessandro-Magazine/dp/9077745165/ref=sr_1_771?s=books&ie=UTF8&qid=1540529719&sr=1-771&refinements=p_n_binding_browse-bin%3A492564011%2Cp_36%3A100000-200000
Let's Talk: When My Parents Forgot How to be Friends,"737,221","1,001.26",Jennifer Moore-Mallinos,Paperback,1908973234, 1908973234, 978-1908973238,https://www.amazon.co.uk/Lets-Talk-Parents-Forgot-Friends/dp/1908973234/ref=sr_1_765?s=books&ie=UTF8&qid=1540529707&sr=1-765&refinements=p_n_binding_browse-bin%3A492564011%2Cp_36%3A100000-200000
Jaguar Six Cylinder Engine Overhaul (1948-1986): Including I.R.S. and S.U. Carburettors (Jaguar World),"679,218","1,644.03",Motorbooks International,Paperback,1873098324, 1873098324, 978-1873098325,https://www.amazon.co.uk/Jaguar-Cylinder-Engine-Overhaul-1948-1986/dp/1873098324/ref=sr_1_759?s=books&ie=UTF8&qid=1540529707&sr=1-759&refinements=p_n_binding_browse-bin%3A492564011%2Cp_36%3A100000-200000
Eyelash Extensions Manual: Professional Student Manual,"1,179,968","1,202.00",Louse Prunty,Paperback,1500270172, 1500270172, 978-1500270179,https://www.amazon.co.uk/Eyelash-Extensions-Manual-Professional-Student/dp/1500270172/ref=sr_1_748?s=books&ie=UTF8&qid=1540529693&sr=1-748&refinements=p_n_binding_browse-bin%3A492564011%2Cp_36%3A100000-200000
Western Ways: Remembering Mayo Through the Eyes of Helen Hooker and Ernie O'Malley,"841,023","1,645.75",Cormac O'Malley,Paperback,1781173982, 1781173982, 978-1781173985,https://www.amazon.co.uk/Western-Ways-Remembering-Through-OMalley/dp/1781173982/ref=sr_1_745?s=books&ie=UTF8&qid=1540529693&sr=1-745&refinements=p_n_binding_browse-bin%3A492564011%2Cp_36%3A100000-200000
Talk German 2 Pack,"1,020,679","1,208.10",Mrs Susanne Winchester,Paperback,1406669814, 1406669814, 978-1406669817,https://www.amazon.co.uk/Talk-German-Pack-Susanne-Winchester/dp/1406669814/ref=sr_1_722?s=books&ie=UTF8&qid=1540529679&sr=1-722&refinements=p_n_binding_browse-bin%3A492564011%2Cp_36%3A100000-200000
Project Management Coaching Workbook,"1,032,926","1,203.48",Susanne Madsen,Paperback,1567263577, 1567263577, 978-1567263572,https://www.amazon.co.uk/Project-Management-Coaching-Workbook-Susanne/dp/1567263577/ref=sr_1_714?s=books&ie=UTF8&qid=1540529663&sr=1-714&refinements=p_n_binding_browse-bin%3A492564011%2Cp_36%3A100000-200000
"Biggles, Air Commodore","1,467,402","1,382.80",W. E Johns,Paperback,B0000CLP9O,Not available,Not available,https://www.amazon.co.uk/Biggles-Air-Commodore-W-Johns/dp/B0000CLP9O/ref=sr_1_706?s=books&ie=UTF8&qid=1540529663&sr=1-706&refinements=p_n_binding_browse-bin%3A492564011%2Cp_36%3A100000-200000
Talk German 2 Pack,"1,020,679","1,208.10",Mrs Susanne Winchester,Paperback,1406669814, 1406669814, 978-1406669817,https://www.amazon.co.uk/Talk-German-Pack-Susanne-Winchester/dp/1406669814/ref=sr_1_705?s=books&ie=UTF8&qid=1540529663&sr=1-705&refinements=p_n_binding_browse-bin%3A492564011%2Cp_36%3A100000-200000
Angles Way: Walking in an Historic Landscape,"1,313,277","1,448.85",Kate Skipper,Paperback,0906219345, 0906219345, 978-0906219348,https://www.amazon.co.uk/Angles-Way-Walking-Historic-Landscape/dp/0906219345/ref=sr_1_697?s=books&ie=UTF8&qid=1540529645&sr=1-697&refinements=p_n_binding_browse-bin%3A492564011%2Cp_36%3A100000-200000
Beirut Won't Cry,"1,367,339","1,520.07",Mazen Kerbaj,Paperback,168396036X, 168396036X, 978-1683960362,https://www.amazon.co.uk/Beirut-Wont-Cry-Mazen-Kerbaj/dp/168396036X/ref=sr_1_674?s=books&ie=UTF8&qid=1540529628&sr=1-674&refinements=p_n_binding_browse-bin%3A492564011%2Cp_36%3A100000-200000
Vision and Values: Organisational Culture and Values as a Source of Competitive Advantage,"1,180,932","1,531.27",The Cipd,Paperback,1843981106, 1843981106, 978-1843981107,https://www.amazon.co.uk/Vision-Values-Organisational-Competitive-Advantage/dp/1843981106/ref=sr_1_670?s=books&ie=UTF8&qid=1540529613&sr=1-670&refinements=p_n_binding_browse-bin%3A492564011%2Cp_36%3A100000-200000
An Introduction to Coping with Grief (An Introduction to Coping series),"553,240","1,001.17",Sue Morris,Paperback,1849013985, 1849013985, 978-1849013987,https://www.amazon.co.uk/Introduction-Coping-Grief/dp/1849013985/ref=sr_1_669?s=books&ie=UTF8&qid=1540529613&sr=1-669&refinements=p_n_binding_browse-bin%3A492564011%2Cp_36%3A100000-200000
Thoughts of Indifference,"1,071,067","1,404.99",Coed Bedlam Jones Flello,Paperback,0957081901, 0957081901, 978-0957081901,https://www.amazon.co.uk/Thoughts-Indifference-Bedlam-Jones-Flello/dp/0957081901/ref=sr_1_642?s=books&ie=UTF8&qid=1540529597&sr=1-642&refinements=p_n_binding_browse-bin%3A492564011%2Cp_36%3A100000-200000
The Story of I Can't,"1,150,386","1,078.43",Robert Holcroft Page,Paperback,0955420504, 0955420504, 978-0955420504,https://www.amazon.co.uk/Story-Cant-Robert-Holcroft-Page/dp/0955420504/ref=sr_1_636?s=books&ie=UTF8&qid=1540529581&sr=1-636&refinements=p_n_binding_browse-bin%3A492564011%2Cp_36%3A100000-200000
THE SUNCHILDREN: a seasonal thanksgiving for families of the Earth: celebrating the autumn equinox,"1,418,765","1,099.99",Ancient Amber,Paperback,1494999781, 1494999781, 978-1494999780,https://www.amazon.co.uk/SUNCHILDREN-seasonal-thanksgiving-families-celebrating/dp/1494999781/ref=sr_1_625?s=books&ie=UTF8&qid=1540529581&sr=1-625&refinements=p_n_binding_browse-bin%3A492564011%2Cp_36%3A100000-200000
International Financial Accounting and Reporting,"668,428","1,045.96",Ciaran Connolly,Paperback,1910374296, 1910374296, 978-1910374290,https://www.amazon.co.uk/International-Financial-Accounting-Reporting-Connolly/dp/1910374296/ref=sr_1_609?s=books&ie=UTF8&qid=1540529567&sr=1-609&refinements=p_n_binding_browse-bin%3A492564011%2Cp_36%3A100000-200000
International Financial Accounting and Reporting,"668,428","1,045.96",Ciaran Connolly,Paperback,1910374296, 1910374296, 978-1910374290,https://www.amazon.co.uk/International-Financial-Accounting-Reporting-Connolly/dp/1910374296/ref=sr_1_607?s=books&ie=UTF8&qid=1540529553&sr=1-607&refinements=p_n_binding_browse-bin%3A492564011%2Cp_36%3A100000-200000
Theory and Practice of Cylinder Head Modification (The MRP speedsport series),"1,494,762","1,062.85",David Vizzard,Paperback,B0010ZWYWG, 0851130666, 978-0851130668,https://www.amazon.co.uk/Theory-Practice-Cylinder-Modification-speedsport/dp/B0010ZWYWG/ref=sr_1_599?s=books&ie=UTF8&qid=1540529553&sr=1-599&refinements=p_n_binding_browse-bin%3A492564011%2Cp_36%3A100000-200000
Clash of the Sorcerers (Kingdom of sorcery),"1,440,707","1,010.18",Morris Simon,Paperback,0880383100, 0880383100, 978-0880383103,https://www.amazon.co.uk/Clash-Sorcerers-Kingdom-sorcery-Morris/dp/0880383100/ref=sr_1_589?s=books&ie=UTF8&qid=1540529534&sr=1-589&refinements=p_n_binding_browse-bin%3A492564011%2Cp_36%3A100000-200000
Double Discrimination: Issues and Services for People with Learning Difficulties from Black and Ethnic Minority Communities,"1,084,433","1,000.00",Carol Baxter,Paperback,0903060795, 0903060795, 978-0903060790,https://www.amazon.co.uk/Double-Discrimination-Services-Difficulties-Communities/dp/0903060795/ref=sr_1_587?s=books&ie=UTF8&qid=1540529534&sr=1-587&refinements=p_n_binding_browse-bin%3A492564011%2Cp_36%3A100000-200000
EAA 148: Hedingham Ware (East Anglian Archaeology Monograph),"1,456,795","1,996.99",Helen Walker,Paperback,1841940976, 1841940976, 978-1841940977,https://www.amazon.co.uk/EAA-148-Hedingham-Archaeology-Monograph/dp/1841940976/ref=sr_1_579?s=books&ie=UTF8&qid=1540529534&sr=1-579&refinements=p_n_binding_browse-bin%3A492564011%2Cp_36%3A100000-200000
Alpha Team Guide,"1,138,899","1,520.88",No Author Specified!!,Paperback,1909309192, 1909309192, 978-1909309197,https://www.amazon.co.uk/Alpha-Team-Guide/dp/1909309192/ref=sr_1_575?s=books&ie=UTF8&qid=1540529515&sr=1-575&refinements=p_n_binding_browse-bin%3A492564011%2Cp_36%3A100000-200000
The Essential Dowsing Guide: 1,"1,094,192","1,660.50",Maria Wheatley,Paperback,095607331X, 095607331X, 978-0956073310,https://www.amazon.co.uk/Essential-Dowsing-Guide-1/dp/095607331X/ref=sr_1_567?s=books&ie=UTF8&qid=1540529515&sr=1-567&refinements=p_n_binding_browse-bin%3A492564011%2Cp_36%3A100000-200000
Towards a Quaker view of sex: An essay by a group of Friends,"1,296,543","1,382.53",Alastair I. C Heron,Paperback,B0000CLO2Q,Not available,Not available,https://www.amazon.co.uk/Towards-Quaker-view-sex-Friends/dp/B0000CLO2Q/ref=sr_1_563?s=books&ie=UTF8&qid=1540529515&sr=1-563&refinements=p_n_binding_browse-bin%3A492564011%2Cp_36%3A100000-200000
Ealing Course in Spanish,"1,471,266","1,000.00",P Locke,Paperback,B00803HCJ6,Not available,Not available,https://www.amazon.co.uk/Ealing-Course-Spanish-P-Locke/dp/B00803HCJ6/ref=sr_1_557?s=books&ie=UTF8&qid=1540529497&sr=1-557&refinements=p_n_binding_browse-bin%3A492564011%2Cp_36%3A100000-200000
Untamed,"1,358,143","1,198.92",Nora Roberts,Paperback,0340353201, 0340353201, 978-0340353202,https://www.amazon.co.uk/Untamed-Nora-Roberts/dp/0340353201/ref=sr_1_555?s=books&ie=UTF8&qid=1540529497&sr=1-555&refinements=p_n_binding_browse-bin%3A492564011%2Cp_36%3A100000-200000
How Brass Players Do It : A Book of Lip Building and Flexibility Exercises by John Ridgeon (1990-01-01),"1,462,414","1,084.39",John Ridgeon,Paperback,B019TLFK5A,Not available,Not available,https://www.amazon.co.uk/How-Brass-Players-Flexibility-1990-01-01/dp/B019TLFK5A/ref=sr_1_546?s=books&ie=UTF8&qid=1540529497&sr=1-546&refinements=p_n_binding_browse-bin%3A492564011%2Cp_36%3A100000-200000
How Brass Players Do It : A Book of Lip Building and Flexibility Exercises by John Ridgeon (1990-01-01),"1,462,414","1,084.39",John Ridgeon,Paperback,B019TLFK5A,Not available,Not available,https://www.amazon.co.uk/How-Brass-Players-Flexibility-1990-01-01/dp/B019TLFK5A/ref=sr_1_543?s=books&ie=UTF8&qid=1540529482&sr=1-543&refinements=p_n_binding_browse-bin%3A492564011%2Cp_36%3A100000-200000
Physical Theatres: A Critical Introduction,"610,096","1,083.42",Simon Murray,Paperback,0415362504, 0415362504, 978-0415362504,https://www.amazon.co.uk/Physical-Theatres-Introduction-Simon-Murray/dp/0415362504/ref=sr_1_537?s=books&ie=UTF8&qid=1540529482&sr=1-537&refinements=p_n_binding_browse-bin%3A492564011%2Cp_36%3A100000-200000
Origins of the Afro Comb,"1,404,980","1,896.99",Sally-Ann Ashton,Paperback,0957443420, 0957443420, 978-0957443426,https://www.amazon.co.uk/Origins-Afro-Comb-Sally-Ann-Ashton/dp/0957443420/ref=sr_1_536?s=books&ie=UTF8&qid=1540529482&sr=1-536&refinements=p_n_binding_browse-bin%3A492564011%2Cp_36%3A100000-200000
The Power Of Ethical Management,"919,421","1,377.00",Norman Vincent Peale,Paperback,0091856434, 0091856434, 978-0091856434,https://www.amazon.co.uk/Power-Ethical-Management-Kenneth-Blanchard/dp/0091856434/ref=sr_1_529?s=books&ie=UTF8&qid=1540529482&sr=1-529&refinements=p_n_binding_browse-bin%3A492564011%2Cp_36%3A100000-200000
"Jacqueline Wilson 8 book Sugar and Spice Collection (Double Act, The Suitcase Kid, My Secret Diary, Bad Girls, Vicky Angel, The Dare Game, Midnight, The Lottie Project)","641,165","1,063.79",Jacqueline Wilson,Paperback,B00FSVFJPC,Not available,Not available,https://www.amazon.co.uk/Jacqueline-Collection-Suitcase-Midnight-Project/dp/B00FSVFJPC/ref=sr_1_521?s=books&ie=UTF8&qid=1540529464&sr=1-521&refinements=p_n_binding_browse-bin%3A492564011%2Cp_36%3A100000-200000
La Ultima Ascension / Last Climb,"1,338,918","1,012.99",David Breashears,Paperback,8482981978, 9788482981970, 978-8482981970,https://www.amazon.co.uk/Ultima-Ascension-Last-Climb/dp/8482981978/ref=sr_1_517?s=books&ie=UTF8&qid=1540529464&sr=1-517&refinements=p_n_binding_browse-bin%3A492564011%2Cp_36%3A100000-200000
Manual Infec Control Procedures 2ed,"966,337","1,084.75",N. N. Damani,Paperback,0521687012, 0521687012, 978-0521687010,https://www.amazon.co.uk/Manual-Infec-Control-Procedures-2ed/dp/0521687012/ref=sr_1_511?s=books&ie=UTF8&qid=1540529445&sr=1-511&refinements=p_n_binding_browse-bin%3A492564011%2Cp_36%3A100000-200000
GCSE Physics OCR Gateway Practice Papers - Higher (A*-G course),"493,761","1,055.99",CGP Books,Paperback,1847627277, 1847627277, 978-1847627278,https://www.amazon.co.uk/GCSE-Physics-Gateway-Practice-Papers/dp/1847627277/ref=sr_1_504?s=books&ie=UTF8&qid=1540529445&sr=1-504&refinements=p_n_binding_browse-bin%3A492564011%2Cp_36%3A100000-200000
Syllabus and Guidelines for Islamic Teaching,"1,366,654","1,000.00",Ghulam Sarwar,Paperback,0907261078, 0907261078, 978-0907261070,https://www.amazon.co.uk/Syllabus-Guidelines-Islamic-Teaching-Ghulam/dp/0907261078/ref=sr_1_501?s=books&ie=UTF8&qid=1540529445&sr=1-501&refinements=p_n_binding_browse-bin%3A492564011%2Cp_36%3A100000-200000
Zoo Quest to Guyana,"1,211,390","1,000.00",Sir David Attenborough,Paperback,1856952703, 1856952703, 978-1856952705,https://www.amazon.co.uk/Zoo-Quest-Guyana-David-Attenborough/dp/1856952703/ref=sr_1_491?s=books&ie=UTF8&qid=1540529429&sr=1-491&refinements=p_n_binding_browse-bin%3A492564011%2Cp_36%3A100000-200000
Seventy Years of Trade Unionism 1868 - 1938,"1,347,018","1,063.85",Various,Paperback,B00DVK2WIY,Not available,Not available,https://www.amazon.co.uk/Seventy-Years-Trade-Unionism-1868/dp/B00DVK2WIY/ref=sr_1_485?s=books&ie=UTF8&qid=1540529429&sr=1-485&refinements=p_n_binding_browse-bin%3A492564011%2Cp_36%3A100000-200000
Collins Primary Focus – Writing: Teacher’s Guide 1,"1,465,919","1,708.99",John Jackman,Paperback,0007501153, 0007501153, 978-0007501151,https://www.amazon.co.uk/Collins-Primary-Focus-Writing-Teachers/dp/0007501153/ref=sr_1_472?s=books&ie=UTF8&qid=1540529409&sr=1-472&refinements=p_n_binding_browse-bin%3A492564011%2Cp_36%3A100000-200000
"Bennett's Ophthalmic Prescription Work, 4e","919,190","1,203.30",Kelvin Wakefield SMC(Tech),Paperback,0750646691, 0750646691, 978-0750646697,https://www.amazon.co.uk/Bennetts-Ophthalmic-Prescription-Work-4e/dp/0750646691/ref=sr_1_451?s=books&ie=UTF8&qid=1540529390&sr=1-451&refinements=p_n_binding_browse-bin%3A492564011%2Cp_36%3A100000-200000
Dogs and Birds: Nursery Rhymes and Famous Melodies (Blank Notes Edition),"1,069,813","1,270.99",Elza Lusher,Paperback,0956849717, 0956849717, 978-0956849717,https://www.amazon.co.uk/Dogs-Birds-Nursery-Rhymes-Melodies/dp/0956849717/ref=sr_1_445?s=books&ie=UTF8&qid=1540529371&sr=1-445&refinements=p_n_binding_browse-bin%3A492564011%2Cp_36%3A100000-200000
From Beirut to Jerusalem,"1,065,781","1,000.00",Ang Swee Chai,Paperback,9670957087, 9670957087, 978-9670957081,https://www.amazon.co.uk/Beirut-Jerusalem-Ang-Swee-Chai/dp/9670957087/ref=sr_1_413?s=books&ie=UTF8&qid=1540529341&sr=1-413&refinements=p_n_binding_browse-bin%3A492564011%2Cp_36%3A100000-200000
"Easy Answers to Awkward Questions: What 8-13 Year-olds Need to Know About Their Changing Bodies, Sex, Babies, Their Rights and More","1,181,669","1,656.41",Nikki Bush,Paperback,1920268278, 1920268278, 978-1920268275,https://www.amazon.co.uk/Easy-Answers-Awkward-Questions-Year-olds/dp/1920268278/ref=sr_1_410?s=books&ie=UTF8&qid=1540529341&sr=1-410&refinements=p_n_binding_browse-bin%3A492564011%2Cp_36%3A100000-200000
Simple Glossary of Catholic Terms,"917,139","1,476.71",Jerome Bertram,Paperback,1860825745, 1860825745, 978-1860825743,https://www.amazon.co.uk/Simple-Glossary-Catholic-Jerome-Bertram/dp/1860825745/ref=sr_1_395?s=books&ie=UTF8&qid=1540529321&sr=1-395&refinements=p_n_binding_browse-bin%3A492564011%2Cp_36%3A100000-200000
Scelbi '8080' software gourmet guide and cook book,"904,129","1,025.62",Robert Findley,Paperback,B00070Z8GE,Not available,Not available,https://www.amazon.co.uk/Scelbi-8080-software-gourmet-guide/dp/B00070Z8GE/ref=sr_1_385?s=books&ie=UTF8&qid=1540529321&sr=1-385&refinements=p_n_binding_browse-bin%3A492564011%2Cp_36%3A100000-200000
Scelbi '8080' software gourmet guide and cook book,"904,129","1,025.62",Robert Findley,Paperback,B00070Z8GE,Not available,Not available,https://www.amazon.co.uk/Scelbi-8080-software-gourmet-guide/dp/B00070Z8GE/ref=sr_1_383?s=books&ie=UTF8&qid=1540529302&sr=1-383&refinements=p_n_binding_browse-bin%3A492564011%2Cp_36%3A100000-200000
The Skalds: A Selection of Their Poems,"1,214,663","1,627.11",Lee Milton Hollander,Paperback,0472061356, 0472061356, 978-0472061358,https://www.amazon.co.uk/Skalds-Selection-Their-Poems/dp/0472061356/ref=sr_1_353?s=books&ie=UTF8&qid=1540529288&sr=1-353&refinements=p_n_binding_browse-bin%3A492564011%2Cp_36%3A100000-200000
"Electric Energy: Its Generation, Transmission and Use (MCGRAW HILL SERIES IN ELECTRICAL AND COMPUTER ENGINEERING)","1,411,904","1,036.85",E. R. Laithwaite,Paperback,0070841098, 0070841098, 978-0070841093,https://www.amazon.co.uk/Electric-Energy-Generation-Transmission-ENGINEERING/dp/0070841098/ref=sr_1_328?s=books&ie=UTF8&qid=1540529253&sr=1-328&refinements=p_n_binding_browse-bin%3A492564011%2Cp_36%3A100000-200000
The Trackers of Oxyrhynchus,"845,165","1,012.99",Tony Harrison,Paperback,0571163068, 9780571163069, 978-0571163069,https://www.amazon.co.uk/Trackers-Oxyrhynchus-Tony-Harrison/dp/0571163068/ref=sr_1_319?s=books&ie=UTF8&qid=1540529239&sr=1-319&refinements=p_n_binding_browse-bin%3A492564011%2Cp_36%3A100000-200000
The fabulous Leonard Jerome (Grey Arrow books),"903,872","1,000.00",Anita Leslie,Paperback,B0000CL8XL,Not available,Not available,https://www.amazon.co.uk/fabulous-Leonard-Jerome-Arrow-books/dp/B0000CL8XL/ref=sr_1_312?s=books&ie=UTF8&qid=1540529239&sr=1-312&refinements=p_n_binding_browse-bin%3A492564011%2Cp_36%3A100000-200000
Anson 1 Pilots Notes,"1,087,082","1,202.90",Air Ministry,Paperback,0859790053, 0859790053, 978-0859790055,https://www.amazon.co.uk/Anson-Pilots-Notes-Air-Ministry/dp/0859790053/ref=sr_1_310?s=books&ie=UTF8&qid=1540529239&sr=1-310&refinements=p_n_binding_browse-bin%3A492564011%2Cp_36%3A100000-200000
Buttons: The Making of a President,"864,633","1,450.99",Jamie Mandelkau,Paperback,0722158041, 0722158041, 978-0722158043,https://www.amazon.co.uk/Buttons-Making-President-Jamie-Mandelkau/dp/0722158041/ref=sr_1_301?s=books&ie=UTF8&qid=1540529225&sr=1-301&refinements=p_n_binding_browse-bin%3A492564011%2Cp_36%3A100000-200000
Educational Psychology: International Edition,"1,127,799","1,202.43",Anita Woolfolk,Paperback,0132910993, 9780132910996, 978-0132910996,https://www.amazon.co.uk/Educational-Psychology-International-Anita-Woolfolk/dp/0132910993/ref=sr_1_294?s=books&ie=UTF8&qid=1540529225&sr=1-294&refinements=p_n_binding_browse-bin%3A492564011%2Cp_36%3A100000-200000
"Total Revision - Ear, Nose and Throat","875,082","1,385.00",Séamus Phillips,Paperback,1904627242, 1904627242, 978-1904627241,https://www.amazon.co.uk/Total-Revision-Ear-Nose-Throat/dp/1904627242/ref=sr_1_286?s=books&ie=UTF8&qid=1540529210&sr=1-286&refinements=p_n_binding_browse-bin%3A492564011%2Cp_36%3A100000-200000
"Strand Magazine, 1891-1950: A Selective Checklist","1,376,033","1,317.75",J.F. Whitt,Paperback,0950670006, 0950670006, 978-0950670003,https://www.amazon.co.uk/Strand-Magazine-1891-1950-Selective-Checklist/dp/0950670006/ref=sr_1_282?s=books&ie=UTF8&qid=1540529210&sr=1-282&refinements=p_n_binding_browse-bin%3A492564011%2Cp_36%3A100000-200000
The Zagor Chronicles 4: Demonlord: Demonlord Bk. 4 (Puffin Adventure Gamebooks),"627,112","1,633.85",Ian Livingstone,Paperback,0140368671, 0140368671, 978-0140368673,https://www.amazon.co.uk/Zagor-Chronicles-Demonlord-Adventure-Gamebooks/dp/0140368671/ref=sr_1_277?s=books&ie=UTF8&qid=1540529210&sr=1-277&refinements=p_n_binding_browse-bin%3A492564011%2Cp_36%3A100000-200000
Fathers Feel Too: A Book for Men by Men on Coping with the Death of a Baby,"685,263","1,441.99",Andrew Don,Paperback,095469323X, 095469323X, 978-0954693237,https://www.amazon.co.uk/Fathers-Feel-Too-Coping-Death/dp/095469323X/ref=sr_1_271?s=books&ie=UTF8&qid=1540529194&sr=1-271&refinements=p_n_binding_browse-bin%3A492564011%2Cp_36%3A100000-200000
"El legado de Sefarad : en la historia y la literatura de América Latina, España, Portugal y Alemania","1,207,066","1,370.85",No Author Specified!!,Paperback,8481961825, 8481961825, 978-8481961829,https://www.amazon.co.uk/El-legado-Sefarad-historia-literatura/dp/8481961825/ref=sr_1_269?s=books&ie=UTF8&qid=1540529194&sr=1-269&refinements=p_n_binding_browse-bin%3A492564011%2Cp_36%3A100000-200000
The History of Great Western A.E.C. Diesel Railcars (History),"861,882","1,841.99",Colin Judge,Paperback,1906419116, 1906419116, 978-1906419110,https://www.amazon.co.uk/History-Great-Western-Diesel-Railcars/dp/1906419116/ref=sr_1_265?s=books&ie=UTF8&qid=1540529194&sr=1-265&refinements=p_n_binding_browse-bin%3A492564011%2Cp_36%3A100000-200000
"The Hillsborough Stadium Disaster, 15 April 1989: Inquiry by Lord Justice Taylor (Cm.: 765)","1,111,799","1,199.21",Peter Taylor,Paperback,0101076525, 0101076525, 978-0101076524,https://www.amazon.co.uk/Hillsborough-Stadium-Disaster-April-1989/dp/0101076525/ref=sr_1_261?s=books&ie=UTF8&qid=1540529194&sr=1-261&refinements=p_n_binding_browse-bin%3A492564011%2Cp_36%3A100000-200000
Estrangement Revisited: Part II - part I,"1,380,755","1,680.98",Svetlana Boym,Paperback,0822366649, 0822366649, 978-0822366645,https://www.amazon.co.uk/Estrangement-Revisited-Part-II-part/dp/0822366649/ref=sr_1_259?s=books&ie=UTF8&qid=1540529194&sr=1-259&refinements=p_n_binding_browse-bin%3A492564011%2Cp_36%3A100000-200000
A Somerset Pomona: The Cider Apples of Somerset,"1,009,513","1,224.02",Liz Copas,Paperback,1874336873, 1874336873, 978-1874336877,https://www.amazon.co.uk/Somerset-Pomona-Cider-Apples/dp/1874336873/ref=sr_1_258?s=books&ie=UTF8&qid=1540529194&sr=1-258&refinements=p_n_binding_browse-bin%3A492564011%2Cp_36%3A100000-200000
Special relativity for physicists,"604,057","1,000.00",G Stephenson,Paperback,B007T2YNPU,Not available,Not available,https://www.amazon.co.uk/Special-relativity-physicists-G-Stephenson/dp/B007T2YNPU/ref=sr_1_247?s=books&ie=UTF8&qid=1540529176&sr=1-247&refinements=p_n_binding_browse-bin%3A492564011%2Cp_36%3A100000-200000
A Handful of Beads,"568,709","1,346.99",Jean Meade-Fetherstonhaugh,Paperback,1843940175, 1843940175, 978-1843940173,https://www.amazon.co.uk/Handful-Beads-Jean-Meade-Fetherstonhaugh/dp/1843940175/ref=sr_1_226?s=books&ie=UTF8&qid=1540529161&sr=1-226&refinements=p_n_binding_browse-bin%3A492564011%2Cp_36%3A100000-200000
Orchids From Seed,"761,917","1,008.63",P. A Thompson,Paperback,B0007BIP68,Not available,Not available,https://www.amazon.co.uk/Orchids-Seed-P-Thompson/dp/B0007BIP68/ref=sr_1_220?s=books&ie=UTF8&qid=1540529146&sr=1-220&refinements=p_n_binding_browse-bin%3A492564011%2Cp_36%3A100000-200000
Music and Singing,"1,340,149","1,579.92",Al-Ghazali,Paperback,9675062231, 9675062231, 978-9675062230,https://www.amazon.co.uk/Music-Singing-Al-Ghazali/dp/9675062231/ref=sr_1_219?s=books&ie=UTF8&qid=1540529146&sr=1-219&refinements=p_n_binding_browse-bin%3A492564011%2Cp_36%3A100000-200000
A Muslim Family in Britain (Families & faiths),"675,692","1,007.97",Steve Harrison,Paperback,0080228852, 0080228852, 978-0080228853,https://www.amazon.co.uk/Muslim-Family-Britain-Families-faiths/dp/0080228852/ref=sr_1_194?s=books&ie=UTF8&qid=1540529131&sr=1-194&refinements=p_n_binding_browse-bin%3A492564011%2Cp_36%3A100000-200000
Women of RAF Tempsford,"916,875","1,609.99",Bernard O'Connor,Paperback,1445604345, 1445604345, 978-1445604343,https://www.amazon.co.uk/Women-RAF-Tempsford-Bernard-OConnor/dp/1445604345/ref=sr_1_178?s=books&ie=UTF8&qid=1540529113&sr=1-178&refinements=p_n_binding_browse-bin%3A492564011%2Cp_36%3A100000-200000
Fundamentals of the Yoruba Religion,"1,372,429","1,817.68",Chief FAMA,Paperback,0971494908, 0971494908, 978-0971494909,https://www.amazon.co.uk/Fundamentals-Yoruba-Religion-Chief-FAMA/dp/0971494908/ref=sr_1_175?s=books&ie=UTF8&qid=1540529093&sr=1-175&refinements=p_n_binding_browse-bin%3A492564011%2Cp_36%3A100000-200000
The Minotaurs of Terror,"912,865","1,983.99",Adam Daly,Paperback,1906221170, 1906221170, 978-1906221171,https://www.amazon.co.uk/Minotaurs-Terror-Adam-Daly/dp/1906221170/ref=sr_1_174?s=books&ie=UTF8&qid=1540529093&sr=1-174&refinements=p_n_binding_browse-bin%3A492564011%2Cp_36%3A100000-200000
A little barrel of ducatoons: The Civil War coinage of Yorkshire,"837,858","1,114.70",Craig Barclay,Paperback,0905807081, 0905807081, 978-0905807089,https://www.amazon.co.uk/little-barrel-ducatoons-coinage-Yorkshire/dp/0905807081/ref=sr_1_165?s=books&ie=UTF8&qid=1540529093&sr=1-165&refinements=p_n_binding_browse-bin%3A492564011%2Cp_36%3A100000-200000
Waverley Route: The battle for the Borders Railway,"414,267","1,026.99",David Spaven,Paperback,1908931825, 1908931825, 978-1908931825,https://www.amazon.co.uk/Waverley-Route-battle-Borders-Railway/dp/1908931825/ref=sr_1_164?s=books&ie=UTF8&qid=1540529093&sr=1-164&refinements=p_n_binding_browse-bin%3A492564011%2Cp_36%3A100000-200000
Rotha Mor an Tsaoil,"869,812","1,096.63",Mici Mac Gabhann,Paperback,1874700540, 1874700540, 978-1874700548,https://www.amazon.co.uk/Rotha-Mor-Tsaoil-Mici-Gabhann/dp/1874700540/ref=sr_1_161?s=books&ie=UTF8&qid=1540529093&sr=1-161&refinements=p_n_binding_browse-bin%3A492564011%2Cp_36%3A100000-200000
Clculo de Estructuras II. Sistemas de Piezas Pris,"1,029,272","1,147.84",Miquel Canet Joan,Paperback,8483014009, 8483014009, 978-8483014004,https://www.amazon.co.uk/Clculo-Estructuras-Sistemas-Piezas-Pris/dp/8483014009/ref=sr_1_158?s=books&ie=UTF8&qid=1540529078&sr=1-158&refinements=p_n_binding_browse-bin%3A492564011%2Cp_36%3A100000-200000
AS Music Harmony Workbook (Rhinegold Education),"431,941","1,657.04",Hugh Benham,Paperback,1906178348, 1906178348, 978-1906178345,https://www.amazon.co.uk/Music-Harmony-Workbook-Rhinegold-Education/dp/1906178348/ref=sr_1_157?s=books&ie=UTF8&qid=1540529078&sr=1-157&refinements=p_n_binding_browse-bin%3A492564011%2Cp_36%3A100000-200000
Don't 'Just' Stopit.Doit: Coaching for Health and Life,"632,107","1,598.40",Tim Williams,Paperback,1784624365, 1784624365, 978-1784624361,https://www.amazon.co.uk/Dont-Just-Stopit-Doit-Coaching-Health/dp/1784624365/ref=sr_1_154?s=books&ie=UTF8&qid=1540529078&sr=1-154&refinements=p_n_binding_browse-bin%3A492564011%2Cp_36%3A100000-200000
The Chemistry of Amidines and Imidates: v. 2 (PATAI′S Chemistry of Functional Groups),"778,201","1,232.00",S Patai,Paperback,0471924571, 0471924571, 978-0471924579,https://www.amazon.co.uk/Chemistry-Amidines-Imidates-PATAI%E2%80%B2S-Functional/dp/0471924571/ref=sr_1_136?s=books&ie=UTF8&qid=1540529058&sr=1-136&refinements=p_n_binding_browse-bin%3A492564011%2Cp_36%3A100000-200000
Josef Albers: The Development of an image,"899,883","1,073.44",Nicholas Fox Weber,Paperback,B001690M7A,Not available,Not available,https://www.amazon.co.uk/Josef-Albers-Nicholas-Fox-Weber/dp/B001690M7A/ref=sr_1_124?s=books&ie=UTF8&qid=1540529041&sr=1-124&refinements=p_n_binding_browse-bin%3A492564011%2Cp_36%3A100000-200000
A Branch from the Lightning Tree: Ecstatic Myth and the Grace of Wildness,"47,897","1,195.48",Martin Shaw,Paperback,1935952013, 1935952013, 978-1935952015,https://www.amazon.co.uk/Branch-Lightning-Tree-Ecstatic-Wildness/dp/1935952013/ref=sr_1_78?s=books&ie=UTF8&qid=1540528988&sr=1-78&refinements=p_n_binding_browse-bin%3A492564011%2Cp_36%3A100000-200000
"Francofolie: Livre de l'eleve 2 & cahier d'exercices, Francofolio, CDs (2) & (M'Thode)","774,568","1,042.00",Collective,Paperback,8853005076, 8853005076, 978-8853005076,https://www.amazon.co.uk/Francofolie-leleve-cahier-dexercices-Francofolio/dp/8853005076/ref=sr_1_76?s=books&ie=UTF8&qid=1540528988&sr=1-76&refinements=p_n_binding_browse-bin%3A492564011%2Cp_36%3A100000-200000
James Lee Byars,"441,195","1,604.00",Edited by Volker Diehl,Paperback,3894799099, 3894799099, 978-3894799090,https://www.amazon.co.uk/James-Byars-Edited-Volker-Diehl/dp/3894799099/ref=sr_1_73?s=books&ie=UTF8&qid=1540528988&sr=1-73&refinements=p_n_binding_browse-bin%3A492564011%2Cp_36%3A100000-200000
Yerma & The Love of Don Perlimplin for Belisa in the Garden,"577,882","1,577.99",Federico Garcia Lorca,Paperback,0340540192, 0340540192, 978-0340540190,https://www.amazon.co.uk/Yerma-Love-Perlimplin-Belisa-Garden/dp/0340540192/ref=sr_1_66?s=books&ie=UTF8&qid=1540528988&sr=1-66&refinements=p_n_binding_browse-bin%3A492564011%2Cp_36%3A100000-200000
Fantastic Mountains: Chinese Landscape Painting from the Shanghai Museum,"850,603","1,380.00",Liu Yang,Paperback,0734763565, 0734763565, 978-0734763563,https://www.amazon.co.uk/Fantastic-Mountains-Landscape-Painting-Shanghai/dp/0734763565/ref=sr_1_61?s=books&ie=UTF8&qid=1540528970&sr=1-61&refinements=p_n_binding_browse-bin%3A492564011%2Cp_36%3A100000-200000
Modern Celestial Mechanics: Dynamics in the Solar System (Advances in Astronomy & Astrophysics),"818,618","1,825.99",Alessandro Morbidelli,Paperback,0415279380, 0415279380, 978-0415279383,https://www.amazon.co.uk/Modern-Celestial-Mechanics-Astronomy-Astrophysics/dp/0415279380/ref=sr_1_59?s=books&ie=UTF8&qid=1540528970&sr=1-59&refinements=p_n_binding_browse-bin%3A492564011%2Cp_36%3A100000-200000
"The Flowering Rock: Collected Poems, 1938-74","742,572","1,212.16",Eric Roach,Paperback,0948833343, 0948833343, 978-0948833342,https://www.amazon.co.uk/Flowering-Rock-Collected-Poems-1938-74/dp/0948833343/ref=sr_1_58?s=books&ie=UTF8&qid=1540528970&sr=1-58&refinements=p_n_binding_browse-bin%3A492564011%2Cp_36%3A100000-200000
The New American Abstraction 1950 - 1970,"1,014,677","1,112.64",Claudine Humblet,Paperback,8861300723, 8861300723, 978-8861300729,https://www.amazon.co.uk/New-American-Abstraction-1950-1970/dp/8861300723/ref=sr_1_55?s=books&ie=UTF8&qid=1540528970&sr=1-55&refinements=p_n_binding_browse-bin%3A492564011%2Cp_36%3A100000-200000
Halloween,"826,646","1,124.99",No Author Specified!!,Paperback,0553132261, 0553132261, 978-0553132267,https://www.amazon.co.uk/Halloween/dp/0553132261/ref=sr_1_41?s=books&ie=UTF8&qid=1540528951&sr=1-41&refinements=p_n_binding_browse-bin%3A492564011%2Cp_36%3A100000-200000
Biennials - art on a global scale (Edition Angewandte),"720,793","1,818.00",Sabine B. Vogel,Paperback,3709102502, 3709102502, 978-3709102503,https://www.amazon.co.uk/Biennials-art-global-scale-Angewandte/dp/3709102502/ref=sr_1_33?s=books&ie=UTF8&qid=1540528951&sr=1-33&refinements=p_n_binding_browse-bin%3A492564011%2Cp_36%3A100000-200000
Intermediate Microeconomics,"460,849","1,067.77",John Hey,Paperback,0077103645, 0077103645, 978-0077103644,https://www.amazon.co.uk/Intermediate-Microeconomics-John-Hey/dp/0077103645/ref=sr_1_31?s=books&ie=UTF8&qid=1540528935&sr=1-31&refinements=p_n_binding_browse-bin%3A492564011%2Cp_36%3A100000-200000
U.s.-israeli Strategic Cooperation In The Post-cold War Era: An American Perspective (JCSS Study),"912,271","1,372.99",Karen Puschel,Paperback,0813314178, 0813314178, 978-0813314174,https://www.amazon.co.uk/U-s-israeli-Strategic-Cooperation-Post-cold-War/dp/0813314178/ref=sr_1_30?s=books&ie=UTF8&qid=1540528935&sr=1-30&refinements=p_n_binding_browse-bin%3A492564011%2Cp_36%3A100000-200000
Amsterdam-New York: Translantic Relations and Urban Identities Since 1653 (European Contributions to American Studies),"732,658","1,414.53",George Harinck,Paperback,9053839550, 9053839550, 978-9053839553,https://www.amazon.co.uk/Amsterdam-New-York-Translantic-Identities-Contributions/dp/9053839550/ref=sr_1_29?s=books&ie=UTF8&qid=1540528935&sr=1-29&refinements=p_n_binding_browse-bin%3A492564011%2Cp_36%3A100000-200000
Things that are different are not the same: The truth about the battle for the preserved King James Bible,"651,145","1,017.93",Mickey P Carter,Paperback,B0006P5UP4,Not available,Not available,https://www.amazon.co.uk/Things-that-are-different-same/dp/B0006P5UP4/ref=sr_1_9/261-4121521-6346368?s=books&ie=UTF8&qid=1540528925&sr=1-9&refinements=p_n_binding_browse-bin%3A492564011%2Cp_36%3A100000-200000
"Antonio De Torres, Guitar Maker: His Life and Work (Yehudi Menuhin music guides)","462,855","1,259.75",Jose L. Romanillos,Paperback,0933224931, 0933224931, 978-0933224933,https://www.amazon.co.uk/Antonio-Torres-Guitar-Maker-Menuhin/dp/0933224931/ref=sr_1_3/261-4121521-6346368?s=books&ie=UTF8&qid=1540528925&sr=1-3&refinements=p_n_binding_browse-bin%3A492564011%2Cp_36%3A100000-200000
