Title,BSR,Price in £ (starting from),Author,Book Type,ASIN,ISBN-10,ISBN-13,URL
The Complete Hebrew-English Dictionary,"4,638,327","2,027.99",Reuben Alcalay,Hardcover,9654481855, 9654481855, 978-9654481854,https://www.amazon.co.uk/Complete-Hebrew-English-Dictionary-Reuben-Alcalay/dp/9654481855/ref=sr_1_1/262-3364196-8420630?s=books&ie=UTF8&qid=1540747816&sr=1-1&refinements=p_n_binding_browse-bin%3A492563011%2Cp_36%3A200000-250000
Farming (Geography Detective Investigates),"1,503,539","2,309.99",Jen Green,Hardcover,0750262621, 0750262621, 978-0750262620,https://www.amazon.co.uk/Farming-Geography-Detective-Investigates-Green/dp/0750262621/ref=sr_1_32?s=books&ie=UTF8&qid=1540747829&sr=1-32&refinements=p_n_binding_browse-bin%3A492563011%2Cp_36%3A200000-250000
Piranesi,"8,560,120","2,416.99",Luigi Ficacci,Hardcover,3822850934, 3822850934, 978-3822850930,https://www.amazon.co.uk/Piranesi-Luigi-Ficacci/dp/3822850934/ref=sr_1_176?s=books&ie=UTF8&qid=1540747976&sr=1-176&refinements=p_n_binding_browse-bin%3A492563011%2Cp_36%3A200000-250000
Barbapapa's New House,"7,096,699","2,422.99","Annette; Taylor, Talus Tison",Hardcover,0529050439, 0529050439, 978-0529050434,https://www.amazon.co.uk/Barbapapas-House-Annette-Taylor-Talus/dp/0529050439/ref=sr_1_272?s=books&ie=UTF8&qid=1540748088&sr=1-272&refinements=p_n_binding_browse-bin%3A492563011%2Cp_36%3A200000-250000
The Feisty Fiancee (Romance),"6,902,133","2,000.00",Jessica Steele,Hardcover,0263166902, 0263166902, 978-0263166903,https://www.amazon.co.uk/Feisty-Fiancee-Romance-Jessica-Steele/dp/0263166902/ref=sr_1_304?s=books&ie=UTF8&qid=1540748121&sr=1-304&refinements=p_n_binding_browse-bin%3A492563011%2Cp_36%3A200000-250000
"Le Corbusier, Pierre Jeanneret: The Indian Story","1,892,551","2,209.14",Eric Touchaleaume,Hardcover,235340099X, 235340099X, 978-2353400997,https://www.amazon.co.uk/Corbusier-Pierre-Jeanneret-Indian-Story/dp/235340099X/ref=sr_1_352?s=books&ie=UTF8&qid=1540748164&sr=1-352&refinements=p_n_binding_browse-bin%3A492563011%2Cp_36%3A200000-250000
"The Encyclopaedia of Egypt During the Reign of the Mehemet Ali Dynasty 1798-1952 - The People, Places and Events That Shaped Nineteenth Century Egypt","2,743,642","2,148.00",Patrick Richard Carstens,Hardcover,146024897X, 146024897X, 978-1460248973,https://www.amazon.co.uk/Encyclopaedia-During-Mehemet-Dynasty-1798-1952/dp/146024897X/ref=sr_1_368?s=books&ie=UTF8&qid=1540748183&sr=1-368&refinements=p_n_binding_browse-bin%3A492563011%2Cp_36%3A200000-250000
"PAF, Platelets, and Asthma (Agents and Actions Supplements)","5,697,986","2,244.08",M. Schmitz-Schumann,Hardcover,3764318066, 3764318066, 978-3764318062,https://www.amazon.co.uk/Platelets-Asthma-Agents-Actions-Supplements/dp/3764318066/ref=sr_1_1040?s=books&ie=UTF8&qid=1540748880&sr=1-1040&refinements=p_n_binding_browse-bin%3A492563011%2Cp_36%3A200000-250000
Un jour nous construirons les pyramides: Mobilier funeraire predynastique et pharaonique,"6,370,256","2,244.99",Unnamed,Hardcover,2881040217, 2881040217, 978-2881040214,https://www.amazon.co.uk/jour-nous-construirons-pyramides-predynastique/dp/2881040217/ref=sr_1_1136?s=books&ie=UTF8&qid=1540748976&sr=1-1136&refinements=p_n_binding_browse-bin%3A492563011%2Cp_36%3A200000-250000
Discrete Mathematics for Computer Science (Mathematics Across the Curriculum),"5,019,363","2,011.99",Kenneth Bogart,Hardcover,1930190867, 1930190867, 978-1930190863,https://www.amazon.co.uk/Discrete-Mathematics-Computer-Science-Curriculum/dp/1930190867/ref=sr_1_1168?s=books&ie=UTF8&qid=1540749015&sr=1-1168&refinements=p_n_binding_browse-bin%3A492563011%2Cp_36%3A200000-250000
Waterlow's Solicitors' and Barristers' Directory 2012 (2012 Directory),"4,779,262","2,101.14",Unnamed,Hardcover,1857831799, 1857831799, 978-1857831795,https://www.amazon.co.uk/Waterlows-Solicitors-Barristers-Directory-2012/dp/1857831799/ref=sr_1_1192?s=books&ie=UTF8&qid=1540749044&sr=1-1192&refinements=p_n_binding_browse-bin%3A492563011%2Cp_36%3A200000-250000
An Introduction To Japanese Philatelic Terms,"7,924,482","2,006.99",Charles A L Swenson,Hardcover,1886343055, 1886343055, 978-1886343054,https://www.amazon.co.uk/Introduction-Japanese-Philatelic-Terms/dp/1886343055/ref=sr_1_1182?s=books&ie=UTF8&qid=1540749030&sr=1-1182&refinements=p_n_binding_browse-bin%3A492563011%2Cp_36%3A200000-250000
Neoplasms with Follicular Differentiation: Ackerman's Histological Diagnosis of Neoplastic Skin Diseases: A Method of Pattern Analysis (Ackerman's Histologic Diagnosis of Neoplastic Skin Diseases),"4,763,764","2,014.30",A. Bernard Ackerman,Hardcover,1893357112, 1893357112, 978-1893357112,https://www.amazon.co.uk/Neoplasms-Follicular-Differentiation-Histological-Neoplastic/dp/1893357112/ref=sr_1_1178?s=books&ie=UTF8&qid=1540749030&sr=1-1178&refinements=p_n_binding_browse-bin%3A492563011%2Cp_36%3A200000-250000
James Paget University Hospital: The First 25 Years,"6,100,556","2,010.99",Hugh Sturzaker,Hardcover,1905553250, 1905553250, 978-1905553259,https://www.amazon.co.uk/James-Paget-University-Hospital-First/dp/1905553250/ref=sr_1_1172?s=books&ie=UTF8&qid=1540749030&sr=1-1172&refinements=p_n_binding_browse-bin%3A492563011%2Cp_36%3A200000-250000
Brushless Permanent Magnet Motor Design,"7,919,201","2,011.99",Duane C. Hanselman,Hardcover,1932133631, 1932133631, 978-1932133639,https://www.amazon.co.uk/Brushless-Permanent-Magnet-Motor-Design/dp/1932133631/ref=sr_1_1166?s=books&ie=UTF8&qid=1540749015&sr=1-1166&refinements=p_n_binding_browse-bin%3A492563011%2Cp_36%3A200000-250000
"Shaping the Middle East: Jews, Christians, and Muslims in an Age of Transition 400-800 C.E. (The Joseph and Rebecca Meyerhoff Center for Jewish Studies)","4,708,274","2,434.99",Kenneth G. Holum,Hardcover,1934309311, 1934309311, 978-1934309315,https://www.amazon.co.uk/Shaping-Middle-East-Christians-Transition/dp/1934309311/ref=sr_1_1160?s=books&ie=UTF8&qid=1540749015&sr=1-1160&refinements=p_n_binding_browse-bin%3A492563011%2Cp_36%3A200000-250000
Hooked,"8,830,677","2,000.00",John Franc,Hardcover,1935639153, 1935639153, 978-1935639152,https://www.amazon.co.uk/Hooked-John-Franc/dp/1935639153/ref=sr_1_1158?s=books&ie=UTF8&qid=1540749015&sr=1-1158&refinements=p_n_binding_browse-bin%3A492563011%2Cp_36%3A200000-250000
Le conflit entre l'astronomie nouvelle et l'Ecriture sainte aux XVIe et XVIIe siècles,"9,377,927","2,374.99",Pierre-Noël Mayaud,Hardcover,2745311263, 2745311263, 978-2745311269,https://www.amazon.co.uk/conflit-lastronomie-nouvelle-lEcriture-si%C3%A8cles/dp/2745311263/ref=sr_1_1142?s=books&ie=UTF8&qid=1540748995&sr=1-1142&refinements=p_n_binding_browse-bin%3A492563011%2Cp_36%3A200000-250000
Tommy Hilfiger,"4,639,270","2,042.99",Tommy Hilfiger Group,Hardcover,2759403130, 2759403130, 978-2759403134,https://www.amazon.co.uk/Tommy-Hilfiger-Group/dp/2759403130/ref=sr_1_1141?s=books&ie=UTF8&qid=1540748995&sr=1-1141&refinements=p_n_binding_browse-bin%3A492563011%2Cp_36%3A200000-250000
Walking Among the Dinosaurs [With 3-D Glasses],"9,976,176","2,423.99",Nathalie Valliere,Hardcover,2764119682, 2764119682, 978-2764119686,https://www.amazon.co.uk/Walking-Among-Dinosaurs-3-D-Glasses/dp/2764119682/ref=sr_1_1139?s=books&ie=UTF8&qid=1540748995&sr=1-1139&refinements=p_n_binding_browse-bin%3A492563011%2Cp_36%3A200000-250000
Jazz,"6,249,918","2,499.00",Henri Matisse,Hardcover,2912257247, 2912257247, 978-2912257246,https://www.amazon.co.uk/Jazz-Henri-Matisse/dp/2912257247/ref=sr_1_1131?s=books&ie=UTF8&qid=1540748976&sr=1-1131&refinements=p_n_binding_browse-bin%3A492563011%2Cp_36%3A200000-250000
Geotechnical Engineering Handbook: v. 1-3 (Geotechnical Engineering Handbook),"8,466,280","2,186.44",U Smoltczyk,Hardcover,3433014523, 3433014523, 978-3433014523,https://www.amazon.co.uk/Geotechnical-Engineering-Handbook-v-1-3/dp/3433014523/ref=sr_1_1114?s=books&ie=UTF8&qid=1540748957&sr=1-1114&refinements=p_n_binding_browse-bin%3A492563011%2Cp_36%3A200000-250000
Charles Koechlin (1867-1950): His Life and Works (Contemporary Music Studies),"4,215,842","2,355.60",Robert Orledge,Hardcover,3718648989, 3718648989, 978-3718648986,https://www.amazon.co.uk/Charles-Koechlin-1867-1950-Contemporary-Studies/dp/3718648989/ref=sr_1_1046?s=books&ie=UTF8&qid=1540748894&sr=1-1046&refinements=p_n_binding_browse-bin%3A492563011%2Cp_36%3A200000-250000
Power Cables and Their Applications: Pt. 1 (Power Cables & Their Applications),"5,103,855","2,422.99",Lothar Heinhold,Hardcover,3800915359, 3800915359, 978-3800915354,https://www.amazon.co.uk/Power-Cables-Their-Applications-Pt/dp/3800915359/ref=sr_1_1032?s=books&ie=UTF8&qid=1540748880&sr=1-1032&refinements=p_n_binding_browse-bin%3A492563011%2Cp_36%3A200000-250000
Der Pyramidenbezirk des Königs Amenemhet III. in Dahschur (Archäologische Veröffentlichungen),"7,507,173","2,290.99",Dieter Arnold,Hardcover,3805306083, 3805306083, 978-3805306089,https://www.amazon.co.uk/Pyramidenbezirk-Amenemhet-Dahschur-Arch%C3%A4ologische-Ver%C3%B6ffentlichungen/dp/3805306083/ref=sr_1_1031?s=books&ie=UTF8&qid=1540748880&sr=1-1031&refinements=p_n_binding_browse-bin%3A492563011%2Cp_36%3A200000-250000
Willy Spiller - Hell on Wheels,"6,063,060","2,245.99",Tobia Bezzola,Hardcover,3906822079, 3906822079, 978-3906822075,https://www.amazon.co.uk/Willy-Spiller-Wheels-Tobia-Bezzola/dp/3906822079/ref=sr_1_1020?s=books&ie=UTF8&qid=1540748865&sr=1-1020&refinements=p_n_binding_browse-bin%3A492563011%2Cp_36%3A200000-250000
The Engineering Handbook,"8,985,820","2,026.99",Richard C. Dorf,Hardcover,8172247303, 8172247303, 978-8172247300,https://www.amazon.co.uk/Engineering-Handbook-Richard-C-Dorf/dp/8172247303/ref=sr_1_963?s=books&ie=UTF8&qid=1540748806&sr=1-963&refinements=p_n_binding_browse-bin%3A492563011%2Cp_36%3A200000-250000
Norwegian-English Technical Dictionary,"7,621,458","2,123.19",J.E. Prestesaeter,Hardcover,8257320676, 8257320676, 978-8257320676,https://www.amazon.co.uk/Norwegian-English-Technical-Dictionary-J-Prestesaeter/dp/8257320676/ref=sr_1_962?s=books&ie=UTF8&qid=1540748806&sr=1-962&refinements=p_n_binding_browse-bin%3A492563011%2Cp_36%3A200000-250000
Viaje Al Oeste Las Aventuras del Rey Mono (Libros Del Tiempo / Books of Time),"7,293,308","2,002.99",Anonimo,Hardcover,8478447741, 8478447741, 978-8478447749,https://www.amazon.co.uk/Viaje-Oeste-Aventuras-Libros-Tiempo/dp/8478447741/ref=sr_1_921?s=books&ie=UTF8&qid=1540748752&sr=1-921&refinements=p_n_binding_browse-bin%3A492563011%2Cp_36%3A200000-250000
La Autobiografia de Monty Python,"8,480,718","2,152.99",Monty Python,Hardcover,8493448737, 8493448737, 978-8493448738,https://www.amazon.co.uk/Autobiografia-Monty-Python/dp/8493448737/ref=sr_1_916?s=books&ie=UTF8&qid=1540748752&sr=1-916&refinements=p_n_binding_browse-bin%3A492563011%2Cp_36%3A200000-250000
Julio Cesar / Julius Caesar,"9,081,990","2,074.99",Javier Cabrero Piquero,Hardcover,8496249603, 8496249603, 978-8496249608,https://www.amazon.co.uk/Julius-Caesar-Javier-Cabrero-Piquero/dp/8496249603/ref=sr_1_914?s=books&ie=UTF8&qid=1540748752&sr=1-914&refinements=p_n_binding_browse-bin%3A492563011%2Cp_36%3A200000-250000
Alighiero Boetti,"9,765,614","2,445.99",Achille Bonito Oliva,Hardcover,8837068425, 8837068425, 978-8837068424,https://www.amazon.co.uk/Alighiero-Boetti-Achille-Bonito-Oliva/dp/8837068425/ref=sr_1_893?s=books&ie=UTF8&qid=1540748716&sr=1-893&refinements=p_n_binding_browse-bin%3A492563011%2Cp_36%3A200000-250000
Tintoretto: l'Opera Completa,"6,235,370","2,240.99",Paola Rossi,Hardcover,8843532847, 8843532847, 978-8843532841,https://www.amazon.co.uk/Tintoretto-lOpera-Completa-Paola-Rossi/dp/8843532847/ref=sr_1_892?s=books&ie=UTF8&qid=1540748716&sr=1-892&refinements=p_n_binding_browse-bin%3A492563011%2Cp_36%3A200000-250000
Men without Ties,"5,338,202","2,025.99",Versace,Hardcover,8878135372, 8878135372, 978-8878135376,https://www.amazon.co.uk/Men-without-Ties-Versace/dp/8878135372/ref=sr_1_889?s=books&ie=UTF8&qid=1540748716&sr=1-889&refinements=p_n_binding_browse-bin%3A492563011%2Cp_36%3A200000-250000
The Charms of the Gourd,"6,958,671","2,422.99",SHIXIANG (Wang).,Hardcover,9625770046, 9625770046, 978-9625770048,https://www.amazon.co.uk/Charms-Gourd-SHIXIANG-Wang/dp/9625770046/ref=sr_1_853?s=books&ie=UTF8&qid=1540748685&sr=1-853&refinements=p_n_binding_browse-bin%3A492563011%2Cp_36%3A200000-250000
Kuk Sool Won Textbook: 002,"6,082,814","2,022.99",In Hyuk Suh,Hardcover,9993099775, 9993099775, 978-9993099772,https://www.amazon.co.uk/Kuk-Sool-Won-Textbook-002/dp/9993099775/ref=sr_1_813?s=books&ie=UTF8&qid=1540748637&sr=1-813&refinements=p_n_binding_browse-bin%3A492563011%2Cp_36%3A200000-250000
"Less noise, better hearing;: An outline of the essentials of architectural acoustics for the practising architect and engineer,","6,898,713","2,074.00",Hale I Sabine,Hardcover,B0007DOT5C,Not available,Not available,https://www.amazon.co.uk/Less-noise-better-hearing-architectural/dp/B0007DOT5C/ref=sr_1_811?s=books&ie=UTF8&qid=1540748637&sr=1-811&refinements=p_n_binding_browse-bin%3A492563011%2Cp_36%3A200000-250000
Green Hills Of Africa.,"5,290,221","2,500.00",E Hemingway,Hardcover,B000IM1PWC,Not available,Not available,https://www.amazon.co.uk/Green-Hills-Africa-Hemingway/dp/B000IM1PWC/ref=sr_1_805?s=books&ie=UTF8&qid=1540748637&sr=1-805&refinements=p_n_binding_browse-bin%3A492563011%2Cp_36%3A200000-250000
Cinco sombras,"7,159,696","2,311.93",No Author Specified!!,Hardcover,B000JEDOCI, 9788475308203, 978-8475308203,https://www.amazon.co.uk/Cinco-sombras/dp/B000JEDOCI/ref=sr_1_803?s=books&ie=UTF8&qid=1540748637&sr=1-803&refinements=p_n_binding_browse-bin%3A492563011%2Cp_36%3A200000-250000
The Conditions of Economic Progress,"8,882,729","2,226.00",C. Clark,Hardcover,B0045S0SOQ,Not available,Not available,https://www.amazon.co.uk/Conditions-Economic-Progress-C-Clark/dp/B0045S0SOQ/ref=sr_1_751?s=books&ie=UTF8&qid=1540748576&sr=1-751&refinements=p_n_binding_browse-bin%3A492563011%2Cp_36%3A200000-250000
"[THE TWO SUBTERRANEAN GROTTOES BY (AUTHOR)KUHN, ALVIN BOYD]THE TWO SUBTERRANEAN GROTTOES[HARDCOVER]09-10-2010","8,896,818","2,000.00",Alvin Boyd Kuhn,Hardcover,B0079FAG7Q,Not available,Not available,https://www.amazon.co.uk/SUBTERRANEAN-GROTTOES-AUTHOR-HARDCOVER-09-10-2010/dp/B0079FAG7Q/ref=sr_1_729?s=books&ie=UTF8&qid=1540748556&sr=1-729&refinements=p_n_binding_browse-bin%3A492563011%2Cp_36%3A200000-250000
"[(Song of the Necromancer and Others: The Complete Poems from Weird Tales by Clark Ashton Smith)] [Author: Stephen Jones] published on (March, 2010)","6,165,635","2,000.00",Stephen Jones,Hardcover,B00XX5Z9BE,Not available,Not available,https://www.amazon.co.uk/Song-Necromancer-Others-Complete-published/dp/B00XX5Z9BE/ref=sr_1_594?s=books&ie=UTF8&qid=1540748425&sr=1-594&refinements=p_n_binding_browse-bin%3A492563011%2Cp_36%3A200000-250000
Iris Bodemer: Rebus. Jewelry 1997-2013: Schmuck / Jewelry 1997-2013,"2,410,847","2,324.99",Marjan Unger,Hardcover,3897904047, 3897904047, 978-3897904040,https://www.amazon.co.uk/Iris-Bodemer-Jewelry-1997-2013-Schmuck/dp/3897904047/ref=sr_1_382?s=books&ie=UTF8&qid=1540748197&sr=1-382&refinements=p_n_binding_browse-bin%3A492563011%2Cp_36%3A200000-250000
Azzedine Alaia,"3,025,101","2,119.99",Groninger Museum,Hardcover,9085866227, 9085866227, 978-9085866220,https://www.amazon.co.uk/Azzedine-Alaia-Groninger-Museum/dp/9085866227/ref=sr_1_381?s=books&ie=UTF8&qid=1540748197&sr=1-381&refinements=p_n_binding_browse-bin%3A492563011%2Cp_36%3A200000-250000
"Surfaces: Color, Substances, and Ritual Applications on African Sculpture (African Expressive Cultures)","2,768,457","2,181.99",Leonard Kahan,Hardcover,0253352517, 0253352517, 978-0253352514,https://www.amazon.co.uk/Surfaces-Substances-Applications-Sculpture-Expressive/dp/0253352517/ref=sr_1_377?s=books&ie=UTF8&qid=1540748197&sr=1-377&refinements=p_n_binding_browse-bin%3A492563011%2Cp_36%3A200000-250000
Understanding Tendering and Estimating,"2,518,701","2,230.00",A.A Kwakye,Hardcover,0566074907, 0566074907, 978-0566074905,https://www.amazon.co.uk/Understanding-Tendering-Estimating-Kwakye/dp/0566074907/ref=sr_1_376?s=books&ie=UTF8&qid=1540748197&sr=1-376&refinements=p_n_binding_browse-bin%3A492563011%2Cp_36%3A200000-250000
Law of Torts,"3,074,888","2,165.19",Bryan M.E. McMahon,Hardcover,1845928059, 1845928059, 978-1845928056,https://www.amazon.co.uk/Law-Torts-Bryan-M-McMahon/dp/1845928059/ref=sr_1_366?s=books&ie=UTF8&qid=1540748183&sr=1-366&refinements=p_n_binding_browse-bin%3A492563011%2Cp_36%3A200000-250000
Geuze & Kriek: The Secret of Lambic Beer,"2,735,398","2,425.99",Jef van den Steen,Hardcover,9020998765, 9020998765, 978-9020998764,https://www.amazon.co.uk/Geuze-Kriek-Secret-Lambic-Beer/dp/9020998765/ref=sr_1_361?s=books&ie=UTF8&qid=1540748183&sr=1-361&refinements=p_n_binding_browse-bin%3A492563011%2Cp_36%3A200000-250000
Bone Densitometry for Technologists,"2,058,561","2,000.00",Sydney Lou Bonnick,Hardcover,1461436249, 1461436249, 978-1461436249,https://www.amazon.co.uk/Bone-Densitometry-Technologists-Sydney-Bonnick/dp/1461436249/ref=sr_1_358?s=books&ie=UTF8&qid=1540748183&sr=1-358&refinements=p_n_binding_browse-bin%3A492563011%2Cp_36%3A200000-250000
Rogue Trader: Battlefleet Koronus,"2,245,378","2,101.99",Fantasy Flight Games,Hardcover,1589947991, 1589947991, 978-1589947993,https://www.amazon.co.uk/Rogue-Trader-Fantasy-Flight-Games/dp/1589947991/ref=sr_1_357?s=books&ie=UTF8&qid=1540748183&sr=1-357&refinements=p_n_binding_browse-bin%3A492563011%2Cp_36%3A200000-250000
Inside the Paddock: Racing Car Transporters at Work,"1,483,905","2,047.06",David Cross,Hardcover,1854432540, 1854432540, 978-1854432544,https://www.amazon.co.uk/Inside-Paddock-Racing-Transporters-Work/dp/1854432540/ref=sr_1_350?s=books&ie=UTF8&qid=1540748164&sr=1-350&refinements=p_n_binding_browse-bin%3A492563011%2Cp_36%3A200000-250000
Messerschmitt Me 210 / Me 410 Hornisse (Hornet),"1,334,900","2,150.40",Werner Stocker,Hardcover,1857802713, 1857802713, 978-1857802719,https://www.amazon.co.uk/Messerschmitt-210-410-Hornisse-Hornet/dp/1857802713/ref=sr_1_349?s=books&ie=UTF8&qid=1540748164&sr=1-349&refinements=p_n_binding_browse-bin%3A492563011%2Cp_36%3A200000-250000
Beautiful Beasts,"668,846","2,494.63",Camilla de le Bédoyère,Hardcover,1784930288, 1784930288, 978-1784930288,https://www.amazon.co.uk/Beautiful-Beasts-Camilla-B%C3%A9doy%C3%A8re/dp/1784930288/ref=sr_1_347?s=books&ie=UTF8&qid=1540748164&sr=1-347&refinements=p_n_binding_browse-bin%3A492563011%2Cp_36%3A200000-250000
Domestic Violence: A Multi-professional Approach for Health Professionals,"4,104,448","2,000.00",June Keeling,Hardcover,033522282X, 033522282X, 978-0335222827,https://www.amazon.co.uk/Domestic-Violence-Multi-professional-Approach-Professionals/dp/033522282X/ref=sr_1_343?s=books&ie=UTF8&qid=1540748164&sr=1-343&refinements=p_n_binding_browse-bin%3A492563011%2Cp_36%3A200000-250000
Fashions in Hair the 1st 5000 Years,"5,057,586","2,000.00",Richard Corson,Hardcover,0391001671, 0391001671, 978-0391001671,https://www.amazon.co.uk/Fashions-Hair-1st-5000-Years/dp/0391001671/ref=sr_1_342?s=books&ie=UTF8&qid=1540748164&sr=1-342&refinements=p_n_binding_browse-bin%3A492563011%2Cp_36%3A200000-250000
The Genesis of Modern Management: Study of the Industrial Revolution in Great Britain (Modern Revivals in Economic & Social History S.),"4,231,220","2,000.00",Sidney Pollard,Hardcover,0751201871, 0751201871, 978-0751201871,https://www.amazon.co.uk/Genesis-Modern-Management-Industrial-Revolution/dp/0751201871/ref=sr_1_339?s=books&ie=UTF8&qid=1540748164&sr=1-339&refinements=p_n_binding_browse-bin%3A492563011%2Cp_36%3A200000-250000
Musee D'Orsay (Art & Architecture),"8,199,358","2,000.00",Peter J. Gartner,Hardcover,0841600503, 0841600503, 978-0841600508,https://www.amazon.co.uk/Musee-DOrsay-Architecture-Peter-Gartner/dp/0841600503/ref=sr_1_334?s=books&ie=UTF8&qid=1540748146&sr=1-334&refinements=p_n_binding_browse-bin%3A492563011%2Cp_36%3A200000-250000
The French Revolution 1787-1799: From the Storming of the Bastille to Napoleon,"5,840,932","2,290.99",Albert Soboul,Hardcover,0044456107, 0044456107, 978-0044456100,https://www.amazon.co.uk/French-Revolution-1787-1799-Storming-Bastille/dp/0044456107/ref=sr_1_325?s=books&ie=UTF8&qid=1540748146&sr=1-325&refinements=p_n_binding_browse-bin%3A492563011%2Cp_36%3A200000-250000
The Moonstone,"9,826,834","2,178.99",Wilkie Collins,Hardcover,0060108207, 0060108207, 978-0060108205,https://www.amazon.co.uk/Moonstone-Wilkie-Collins/dp/0060108207/ref=sr_1_324?s=books&ie=UTF8&qid=1540748146&sr=1-324&refinements=p_n_binding_browse-bin%3A492563011%2Cp_36%3A200000-250000
Principles of Fermentation Technology,"6,796,886","2,227.99",P. F. Stanbury,Hardcover,0080361323, 0080361323, 978-0080361321,https://www.amazon.co.uk/Principles-Fermentation-Technology-P-Stanbury/dp/0080361323/ref=sr_1_318?s=books&ie=UTF8&qid=1540748133&sr=1-318&refinements=p_n_binding_browse-bin%3A492563011%2Cp_36%3A200000-250000
The Werewolf Knight,"6,915,761","2,099.97",Jenny Wagner,Hardcover,0091825946, 0091825946, 978-0091825942,https://www.amazon.co.uk/Werewolf-Knight-Jenny-Wagner/dp/0091825946/ref=sr_1_316?s=books&ie=UTF8&qid=1540748133&sr=1-316&refinements=p_n_binding_browse-bin%3A492563011%2Cp_36%3A200000-250000
"Transfer of Power in India, 1942-47: Reassertion of Authority, Gandhi's Fast and the Succession to the Viceroyalty, Sept.21 1942 - June 12 1943 v. 3 (Constitutional relations between Britain & India)","7,790,396","2,194.99",Great Britain: Foreign and Commonwealth Office,Hardcover,0115800786, 0115800786, 978-0115800788,https://www.amazon.co.uk/Transfer-Power-India-1942-47-Constitutional/dp/0115800786/ref=sr_1_314?s=books&ie=UTF8&qid=1540748133&sr=1-314&refinements=p_n_binding_browse-bin%3A492563011%2Cp_36%3A200000-250000
Data Analysis for Politics and Policy (Foundations of Modern Political Science),"8,854,815","2,320.03",Edward R. Tufte,Hardcover,0131975412, 0131975412, 978-0131975415,https://www.amazon.co.uk/Analysis-Politics-Foundations-Political-Science/dp/0131975412/ref=sr_1_312?s=books&ie=UTF8&qid=1540748133&sr=1-312&refinements=p_n_binding_browse-bin%3A492563011%2Cp_36%3A200000-250000
Thatcherism and British Politics: The End of Consensus?,"9,407,745","2,000.00",Dennis Kavanagh,Hardcover,0198275226, 0198275226, 978-0198275220,https://www.amazon.co.uk/Thatcherism-British-Politics-End-Consensus/dp/0198275226/ref=sr_1_309?s=books&ie=UTF8&qid=1540748133&sr=1-309&refinements=p_n_binding_browse-bin%3A492563011%2Cp_36%3A200000-250000
Part-Time Marriage (Romance),"4,478,131","2,000.00",Jessica Steele,Hardcover,0263172813, 0263172813, 978-0263172812,https://www.amazon.co.uk/Part-Time-Marriage-Romance-Jessica-Steele/dp/0263172813/ref=sr_1_303?s=books&ie=UTF8&qid=1540748121&sr=1-303&refinements=p_n_binding_browse-bin%3A492563011%2Cp_36%3A200000-250000
Blood Meridian: Or the Evening Redness in the West,"8,280,095","2,246.38",Cormac McCarthy,Hardcover,039454482X, 039454482X, 978-0394544823,https://www.amazon.co.uk/Blood-Meridian-Evening-Redness-West/dp/039454482X/ref=sr_1_289?s=books&ie=UTF8&qid=1540748121&sr=1-289&refinements=p_n_binding_browse-bin%3A492563011%2Cp_36%3A200000-250000
Conflicts in the Middle East since 1945 (The Making of the Contemporary World),"5,916,465","2,000.00",Beverley Milton-Edwards,Hardcover,041531786X, 041531786X, 978-0415317863,https://www.amazon.co.uk/Conflicts-Middle-since-Making-Contemporary/dp/041531786X/ref=sr_1_284?s=books&ie=UTF8&qid=1540748103&sr=1-284&refinements=p_n_binding_browse-bin%3A492563011%2Cp_36%3A200000-250000
Handbook of Arbitration Practice,"3,917,854","2,000.00",Ronald Bernstein,Hardcover,0421565403, 0421565403, 978-0421565401,https://www.amazon.co.uk/Handbook-Arbitration-Practice-Ronald-Bernstein/dp/0421565403/ref=sr_1_282?s=books&ie=UTF8&qid=1540748103&sr=1-282&refinements=p_n_binding_browse-bin%3A492563011%2Cp_36%3A200000-250000
Dio's Rome Volume 4 (Large Print Edition),"7,257,559","2,000.91",Cassius Dio,Hardcover,0554234556, 0554234556, 978-0554234557,https://www.amazon.co.uk/Dios-Rome-4-Large-Print/dp/0554234556/ref=sr_1_271?s=books&ie=UTF8&qid=1540748088&sr=1-271&refinements=p_n_binding_browse-bin%3A492563011%2Cp_36%3A200000-250000
An Introduction to Sociolinguistics (Blackwell Textbooks in Linguistics),"4,744,709","2,000.00",Ronald Wardhaugh,Hardcover,0631204989, 0631204989, 978-0631204985,https://www.amazon.co.uk/Introduction-Sociolinguistics-Blackwell-Textbooks-Linguistics/dp/0631204989/ref=sr_1_269?s=books&ie=UTF8&qid=1540748088&sr=1-269&refinements=p_n_binding_browse-bin%3A492563011%2Cp_36%3A200000-250000
Stoner,"9,545,632","2,069.00",John A. Williams,Hardcover,067067124X, 067067124X, 978-0670671243,https://www.amazon.co.uk/Stoner-John-Williams/dp/067067124X/ref=sr_1_267?s=books&ie=UTF8&qid=1540748088&sr=1-267&refinements=p_n_binding_browse-bin%3A492563011%2Cp_36%3A200000-250000
Close Her Eyes (Large Print Edition),"5,067,265","2,000.00",Dorothy Simpson,Hardcover,0708914500, 0708914500, 978-0708914502,https://www.amazon.co.uk/Close-Her-Eyes-Large-Print/dp/0708914500/ref=sr_1_263?s=books&ie=UTF8&qid=1540748088&sr=1-263&refinements=p_n_binding_browse-bin%3A492563011%2Cp_36%3A200000-250000
Incident at Butler's Station (Black Horse Western),"9,143,301","2,125.99",Richard Wyler,Hardcover,0709075839, 0709075839, 978-0709075837,https://www.amazon.co.uk/Incident-Butlers-Station-Black-Western/dp/0709075839/ref=sr_1_260?s=books&ie=UTF8&qid=1540748088&sr=1-260&refinements=p_n_binding_browse-bin%3A492563011%2Cp_36%3A200000-250000
Pioneers of Modern Craft: Twelve Essays Profiling Key Figures in the History of Contemporary Crafts (Studies in Design and Material Culture),"3,573,976","2,000.00",Margot Coatts,Hardcover,0719050588, 0719050588, 978-0719050589,https://www.amazon.co.uk/Pioneers-Modern-Craft-Profiling-Contemporary/dp/0719050588/ref=sr_1_259?s=books&ie=UTF8&qid=1540748088&sr=1-259&refinements=p_n_binding_browse-bin%3A492563011%2Cp_36%3A200000-250000
And in the Morning,"9,932,603","2,485.81",Graeme Hague,Hardcover,0731811143, 0731811143, 978-0731811144,https://www.amazon.co.uk/Morning-Graeme-Hague/dp/0731811143/ref=sr_1_257?s=books&ie=UTF8&qid=1540748088&sr=1-257&refinements=p_n_binding_browse-bin%3A492563011%2Cp_36%3A200000-250000
Danger of Being a Gentleman and Other Essays,"9,279,988","2,304.78",Harold Joseph Laski,Hardcover,0836928490, 0836928490, 978-0836928495,https://www.amazon.co.uk/Danger-Being-Gentleman-Other-Essays/dp/0836928490/ref=sr_1_232?s=books&ie=UTF8&qid=1540748053&sr=1-232&refinements=p_n_binding_browse-bin%3A492563011%2Cp_36%3A200000-250000
Complete Book of Silk Screen Printing Production,"9,181,412","2,000.00",J. I. Biegeleisen,Hardcover,084461677X, 084461677X, 978-0844616773,https://www.amazon.co.uk/Complete-Book-Screen-Printing-Production/dp/084461677X/ref=sr_1_226?s=books&ie=UTF8&qid=1540748053&sr=1-226&refinements=p_n_binding_browse-bin%3A492563011%2Cp_36%3A200000-250000
The Making of an Atlantic Ruling Class,"9,888,250","2,184.15",Kees van der Pijl,Hardcover,0860910938, 0860910938, 978-0860910930,https://www.amazon.co.uk/Making-Atlantic-Ruling-Class/dp/0860910938/ref=sr_1_220?s=books&ie=UTF8&qid=1540748033&sr=1-220&refinements=p_n_binding_browse-bin%3A492563011%2Cp_36%3A200000-250000
Self in Social Psychology: Key Readings: Essential Readings (Key Readings in Social Psychology),"9,645,972","2,184.18",Roy F. Baumeister,Hardcover,0863775721, 0863775721, 978-0863775727,https://www.amazon.co.uk/Self-Social-Psychology-Readings-Essential/dp/0863775721/ref=sr_1_215?s=books&ie=UTF8&qid=1540748033&sr=1-215&refinements=p_n_binding_browse-bin%3A492563011%2Cp_36%3A200000-250000
The Rains Came: A Novel of Modern India,"4,746,614","2,000.00",Louis Bromfield,Hardcover,0884115054, 0884115054, 978-0884115052,https://www.amazon.co.uk/Rains-Came-Novel-Modern-India/dp/0884115054/ref=sr_1_213?s=books&ie=UTF8&qid=1540748033&sr=1-213&refinements=p_n_binding_browse-bin%3A492563011%2Cp_36%3A200000-250000
Panic: A Leopold Blake Thriller,"8,063,698","2,069.84",Nick Stephenson,Hardcover,0957616716, 0957616716, 978-0957616714,https://www.amazon.co.uk/Panic-Leopold-Thriller-Nick-Stephenson/dp/0957616716/ref=sr_1_211?s=books&ie=UTF8&qid=1540748033&sr=1-211&refinements=p_n_binding_browse-bin%3A492563011%2Cp_36%3A200000-250000
"Race, Evolution and Behavior : A Life History Perspective","8,809,976","2,428.84",J. Philippe Rushton,Hardcover,0965683605, 0965683605, 978-0965683609,https://www.amazon.co.uk/Race-Evolution-Behavior-History-Perspective/dp/0965683605/ref=sr_1_210?s=books&ie=UTF8&qid=1540748033&sr=1-210&refinements=p_n_binding_browse-bin%3A492563011%2Cp_36%3A200000-250000
"Fluid, Electrolyte and Acid-Base Disorders in Small Animal Practice - Text and VETERINARY CONSULT Package","7,632,729","2,230.99",Stephen P. DiBartola DVM  DACVIM,Hardcover,1416064400, 1416064400, 978-1416064404,https://www.amazon.co.uk/Electrolyte-Acid-Base-Disorders-Animal-Practice/dp/1416064400/ref=sr_1_201?s=books&ie=UTF8&qid=1540748014&sr=1-201&refinements=p_n_binding_browse-bin%3A492563011%2Cp_36%3A200000-250000
Ancient Board Games,"6,896,870","2,475.01",Irving Finkel,Hardcover,1556706588, 1556706588, 978-1556706585,https://www.amazon.co.uk/Ancient-Board-Games-Irving-Finkel/dp/1556706588/ref=sr_1_195?s=books&ie=UTF8&qid=1540748014&sr=1-195&refinements=p_n_binding_browse-bin%3A492563011%2Cp_36%3A200000-250000
Scramble For Africa,"6,646,436","2,020.99",Thomas Pakenham,Hardcover,184212448X, 184212448X, 978-1842124482,https://www.amazon.co.uk/Scramble-Africa-Thomas-Pakenham/dp/184212448X/ref=sr_1_188?s=books&ie=UTF8&qid=1540747995&sr=1-188&refinements=p_n_binding_browse-bin%3A492563011%2Cp_36%3A200000-250000
"(Practical Praying: Using the Rosary to Enhance Your Life [With CD (Audio)]) By Edward, John (Author) Hardcover on 04-May-2010","8,137,407","2,000.00",John Lewis Burckhardt,Hardcover,B005M967VK,Not available,Not available,https://www.amazon.co.uk/Practical-Praying-Enhance-Hardcover-04-May-2010/dp/B005M967VK/ref=sr_1_163?s=books&ie=UTF8&qid=1540747976&sr=1-163&refinements=p_n_binding_browse-bin%3A492563011%2Cp_36%3A200000-250000
The Wind in the Willows Centenary Edition,"7,822,742","2,499.99",Kenneth Grahame,Hardcover,B005XLVRTE,Not available,Not available,https://www.amazon.co.uk/Wind-Willows-Centenary-Kenneth-Grahame/dp/B005XLVRTE/ref=sr_1_162?s=books&ie=UTF8&qid=1540747976&sr=1-162&refinements=p_n_binding_browse-bin%3A492563011%2Cp_36%3A200000-250000
The Road to Wigan Pier,"1,293,212","2,128.99",George Orwell,Hardcover,1849025916, 1849025916, 978-1849025911,https://www.amazon.co.uk/Road-Wigan-Pier-George-Orwell/dp/1849025916/ref=sr_1_101?s=books&ie=UTF8&qid=1540747915&sr=1-101&refinements=p_n_binding_browse-bin%3A492563011%2Cp_36%3A200000-250000
"England's Dreaming: The ""Sex Pistols"" and Punk Rock by Savage, Jon ( 1992 )","1,502,707","2,000.00",Unnamed,Hardcover,B00E31OSXC,Not available,Not available,https://www.amazon.co.uk/Englands-Dreaming-Pistols-Punk-Savage/dp/B00E31OSXC/ref=sr_1_98?s=books&ie=UTF8&qid=1540747915&sr=1-98&refinements=p_n_binding_browse-bin%3A492563011%2Cp_36%3A200000-250000
"The Beginnings of Rome, 753-264 B.C. (The Routledge History of the Ancient World)","4,380,136","2,000.00",Tim Cornell,Hardcover,0415015952, 0415015952, 978-0415015950,https://www.amazon.co.uk/Beginnings-753-264-Routledge-History-Ancient/dp/0415015952/ref=sr_1_95?s=books&ie=UTF8&qid=1540747898&sr=1-95&refinements=p_n_binding_browse-bin%3A492563011%2Cp_36%3A200000-250000
Kindergarten is Too Late!,"4,163,480","2,000.99",Masaru Ibuka,Hardcover,0671240366, 0671240366, 978-0671240363,https://www.amazon.co.uk/Kindergarten-Too-Late-Masaru-Ibuka/dp/0671240366/ref=sr_1_92?s=books&ie=UTF8&qid=1540747898&sr=1-92&refinements=p_n_binding_browse-bin%3A492563011%2Cp_36%3A200000-250000
"A Survey of Medieval Winchester: Part I, II &III (in two volumes): Pt.1 & 2 (Winchester Studies 2)","3,719,600","2,408.99",Derek Keene,Hardcover,019813181X, 019813181X, 978-0198131816,https://www.amazon.co.uk/Survey-Medieval-Winchester-volumes-Studies/dp/019813181X/ref=sr_1_83?s=books&ie=UTF8&qid=1540747898&sr=1-83&refinements=p_n_binding_browse-bin%3A492563011%2Cp_36%3A200000-250000
Principles of Transistor Circuits,"2,697,901","2,324.98",S.W. Amos,Hardcover,0592028356, 0592028356, 978-0592028354,https://www.amazon.co.uk/Principles-Transistor-Circuits-S-W-Amos/dp/0592028356/ref=sr_1_76?s=books&ie=UTF8&qid=1540747878&sr=1-76&refinements=p_n_binding_browse-bin%3A492563011%2Cp_36%3A200000-250000
Pancakes and Prangs - Twentieth-Century Military Aircraft Accidents in Shropshire,"1,375,443","2,300.99",Thomas Thorne,Hardcover,184494087X, 184494087X, 978-1844940875,https://www.amazon.co.uk/Pancakes-Prangs-Twentieth-Century-Accidents-Shropshire/dp/184494087X/ref=sr_1_72?s=books&ie=UTF8&qid=1540747878&sr=1-72&refinements=p_n_binding_browse-bin%3A492563011%2Cp_36%3A200000-250000
"The Zondervan Encyclopedia of the Bible, Volume 2, D-G","3,472,474","2,086.39",No Author Specified!!,Hardcover,0310241324, 0310241359, 978-0310241324,https://www.amazon.co.uk/Zondervan-Encyclopedia-Bible-D-G/dp/0310241324/ref=sr_1_71?s=books&ie=UTF8&qid=1540747878&sr=1-71&refinements=p_n_binding_browse-bin%3A492563011%2Cp_36%3A200000-250000
"Kriegstagebuch der Seekriegsleitung, 1939-1945","3,961,150","2,057.70",Germany,Hardcover,3813206017, 3813206017, 978-3813206012,https://www.amazon.co.uk/Kriegstagebuch-Seekriegsleitung-1939-1945-Germany/dp/3813206017/ref=sr_1_66?s=books&ie=UTF8&qid=1540747878&sr=1-66&refinements=p_n_binding_browse-bin%3A492563011%2Cp_36%3A200000-250000
Compendium on ERTMS: European Rail Traffic Management System,"1,296,677","2,121.00",Peter Winter,Hardcover,3777103969, 3777103969, 978-3777103969,https://www.amazon.co.uk/Compendium-ERTMS-European-Traffic-Management/dp/3777103969/ref=sr_1_65?s=books&ie=UTF8&qid=1540747878&sr=1-65&refinements=p_n_binding_browse-bin%3A492563011%2Cp_36%3A200000-250000
My Magnetic Counting Book: Ten Dancing Dinosaurs with Magnet(s) (Magnix Learning Fun),"3,341,811","2,104.99",Bill Bolton,Hardcover,1932915168, 1932915168, 978-1932915167,https://www.amazon.co.uk/My-Magnetic-Counting-Book-Dinosaurs/dp/1932915168/ref=sr_1_63?s=books&ie=UTF8&qid=1540747866&sr=1-63&refinements=p_n_binding_browse-bin%3A492563011%2Cp_36%3A200000-250000
The Architecture of Sir Edwin Lutyens (The Lutyens memorial),"2,590,182","2,430.49",A.S.G. Bulter,Hardcover,0907462723, 0907462723, 978-0907462729,https://www.amazon.co.uk/Architecture-Sir-Edwin-Lutyens-memorial/dp/0907462723/ref=sr_1_45?s=books&ie=UTF8&qid=1540747846&sr=1-45&refinements=p_n_binding_browse-bin%3A492563011%2Cp_36%3A200000-250000
Growing Smarter,"2,621,960","2,234.99",Judith V. T. Wilson,Hardcover,0991244281, 0991244281, 978-0991244287,https://www.amazon.co.uk/Growing-Smarter-Judith-V-Wilson/dp/0991244281/ref=sr_1_35?s=books&ie=UTF8&qid=1540747846&sr=1-35&refinements=p_n_binding_browse-bin%3A492563011%2Cp_36%3A200000-250000
Great Books of the Western World,"1,331,515","2,362.34",Mortimer J. Adler,Hardcover,0852295316, 0852295316, 978-0852295311,https://www.amazon.co.uk/Great-Books-Western-World-Mortimer/dp/0852295316/ref=sr_1_34?s=books&ie=UTF8&qid=1540747846&sr=1-34&refinements=p_n_binding_browse-bin%3A492563011%2Cp_36%3A200000-250000
Kinslayer: Gotrek & Felix,"959,825","2,287.99",David Guymer,Hardcover,1849707294, 1849707294, 978-1849707299,https://www.amazon.co.uk/Kinslayer-Gotrek-Felix-David-Guymer/dp/1849707294/ref=sr_1_21?s=books&ie=UTF8&qid=1540747829&sr=1-21&refinements=p_n_binding_browse-bin%3A492563011%2Cp_36%3A200000-250000
Vanity Fair Portraits: A Century of Iconic Images,"956,685","2,344.99",Graydon Carter,Hardcover,1855143925, 1855143925, 978-1855143920,https://www.amazon.co.uk/Vanity-Fair-Portraits-Century-Iconic/dp/1855143925/ref=sr_1_15/262-3364196-8420630?s=books&ie=UTF8&qid=1540747816&sr=1-15&refinements=p_n_binding_browse-bin%3A492563011%2Cp_36%3A200000-250000
Tasting India,"1,120,210","2,010.00",Christine Mansfield,Hardcover,1920989927, 1920989927, 978-1920989927,https://www.amazon.co.uk/Tasting-India-Christine-Mansfield/dp/1920989927/ref=sr_1_14/262-3364196-8420630?s=books&ie=UTF8&qid=1540747816&sr=1-14&refinements=p_n_binding_browse-bin%3A492563011%2Cp_36%3A200000-250000
"Decentralization with Profibus DP/DPV1: Architecture and Fundamentals, Configuration and Use with SIMATIC S7","1,435,826","2,490.00",Josef Weigmann,Hardcover,3895782181, 3895782181, 978-3895782183,https://www.amazon.co.uk/Decentralization-Profibus-DPV1-Architecture-Configuration/dp/3895782181/ref=sr_1_8/262-3364196-8420630?s=books&ie=UTF8&qid=1540747816&sr=1-8&refinements=p_n_binding_browse-bin%3A492563011%2Cp_36%3A200000-250000
Dario Villalba: Una Vision Antologica 1957-2007,"1,048,332","2,423.95",Maria Luisa Martin de Argila,Hardcover,8480263229, 8480263229, 978-8480263221,https://www.amazon.co.uk/Dario-Villalba-Vision-Antologica-1957-2007/dp/8480263229/ref=sr_1_5/262-3364196-8420630?s=books&ie=UTF8&qid=1540747816&sr=1-5&refinements=p_n_binding_browse-bin%3A492563011%2Cp_36%3A200000-250000
Doctor Who and the Planet of the Spiders (Longbow series),"443,367","2,042.99",Terrance Dicks,Hardcover,0855230533, 0855230533, 978-0855230531,https://www.amazon.co.uk/Doctor-Who-Planet-Spiders-Longbow/dp/0855230533/ref=sr_1_3/262-3364196-8420630?s=books&ie=UTF8&qid=1540747816&sr=1-3&refinements=p_n_binding_browse-bin%3A492563011%2Cp_36%3A200000-250000
